Customer ID,Recency,Frequency,Monetary
12346,164,11,372.86
12347,2,2,1323.32
12348,73,1,222.16
12349,42,3,2671.14
12351,10,1,300.93
12352,10,2,343.8
12353,43,1,317.76
12355,202,1,488.21000000000004
12356,15,3,3562.25
12357,23,2,12079.99
12358,10,3,2719.01
12359,60,6,2563.36
12360,14,5,1590.83
12361,97,3,321.35
12362,373,1,130.0
12366,268,1,500.24
12368,263,1,917.6999999999999
12369,48,3,1791.15
12370,259,3,774.62
12371,44,3,2179.42
12373,259,2,763.0500000000001
12374,56,3,2246.29
12376,24,2,503.15
12377,16,2,1798.2
12378,197,1,1407.7
12379,57,2,767.98
12380,100,7,6951.49
12385,14,1,1938.4
12386,1,1,258.9
12387,50,1,143.94
12388,80,2,1120.45
12389,37,3,1433.33
12391,99,5,2312.53
12392,226,1,234.75000000000003
12393,17,2,816.85
12395,6,4,2048.64
12396,309,1,931.43
12399,20,3,853.65
12400,49,1,205.25
12402,27,5,1031.3
12403,156,1,591.6600000000001
12404,317,1,63.24
12406,34,3,2975.06
12408,20,3,1452.22
12409,55,4,12346.619999999999
12410,137,1,320.38
12411,44,1,346.9
12412,37,3,1370.05
12413,37,1,241.35
12414,98,3,390.0
12415,10,7,19543.84
12416,291,1,202.56
12417,45,11,3167.81
12418,48,3,1352.62
12419,20,2,503.01
12421,50,2,291.56
12422,29,14,4428.24
12423,22,2,763.08
12424,57,2,1579.07
12425,83,1,964.21
12426,297,1,762.48
12427,6,1,303.5
12429,0,5,3735.51
12431,8,13,4370.52
12433,1,5,7205.39
12434,16,1,297.29
12435,31,4,6096.04
12437,30,21,7731.99
12439,317,2,1158.18
12440,97,2,859.2
12441,1,1,173.55
12443,367,1,485.31
12445,55,1,301.58000000000004
12449,45,2,768.6
12450,34,3,490.32
12451,98,3,3634.36
12454,30,4,13151.44
12455,80,4,3413.09
12457,70,1,632.68
12458,62,2,830.09
12459,240,1,454.36
12460,91,1,326.65
12466,317,1,56.73
12467,58,1,132.8
12468,161,3,2941.2
12469,157,2,3070.54
12470,324,1,211.95
12471,9,49,20139.739999999998
12472,4,13,11308.48
12474,13,13,5048.66
12475,44,1,426.26
12476,31,12,7298.99
12477,34,3,7056.63
12480,34,3,2183.2200000000003
12481,0,6,6765.07
12482,211,29,23691.4
12483,13,11,2635.6
12484,118,6,1828.43
12485,164,1,708.1
12486,66,1,1037.28
12487,365,1,285.29999999999995
12490,13,11,4405.71
12492,38,1,452.0
12494,0,3,626.77
12495,275,1,357.4
12496,255,2,54.09
12497,35,2,5205.400000000001
12499,195,1,393.72
12500,70,8,1697.39
12503,219,1,1126.0
12504,52,2,297.0
12505,43,1,955.2
12507,219,1,539.25
12510,94,7,4195.45
12511,63,1,3084.02
12514,276,1,580.08
12516,65,2,1336.56
12519,111,1,385.7
12523,9,12,2582.38
12524,23,9,6640.39
12525,133,3,973.73
12527,129,2,386.8
12529,163,1,316.48
12530,50,5,2096.98
12531,321,1,1807.98
12533,262,2,1367.89
12537,43,1,732.94
12538,13,1,276.5
12539,85,3,5646.400000000001
12540,13,16,8854.25
12542,119,2,481.88
12543,83,1,980.25
12547,135,1,175.78
12549,210,6,1575.68
12553,20,2,916.47
12554,83,1,468.5
12555,317,1,129.23
12557,6,4,6725.18
12562,20,2,1185.18
12563,43,1,249.24
12567,2,7,4308.58
12568,279,1,70.0
12570,317,1,77.52
12573,16,4,556.87
12575,92,2,622.8199999999999
12576,27,3,826.89
12577,16,5,995.9499999999999
12578,20,2,1847.94
12580,211,1,637.2
12582,57,2,1469.04
12583,8,13,7166.0599999999995
12586,9,3,1865.73
12588,34,3,743.88
12589,56,6,4048.98
12591,25,2,899.3
12592,154,3,2145.06
12594,13,5,1751.89
12595,139,1,299.02
12598,98,3,1511.01
12599,16,6,1264.14
12600,6,12,2444.88
12601,39,1,104.19999999999999
12605,11,4,1232.95
12606,317,1,21.0
12608,39,1,415.79
12609,9,6,2309.01
12613,23,5,3490.69
12615,48,4,3449.79
12616,23,1,417.8
12619,195,1,140.14
12621,0,16,11086.14
12623,51,6,3442.7400000000002
12625,144,2,2481.06
12629,20,2,1558.22
12631,91,5,2841.07
12632,155,2,804.88
12633,17,3,3514.18
12634,170,2,490.0
12635,27,2,1241.23
12636,373,1,141.0
12637,13,4,2318.41
12638,274,1,249.8
12639,69,2,826.27
12643,20,6,5005.78
12644,65,3,1440.58
12645,44,4,1764.12
12647,2,27,14201.53
12648,72,3,793.95
12649,17,5,1671.1399999999999
12651,13,3,263.75
12652,69,1,97.05000000000001
12653,161,1,1950.98
12655,58,1,261.35
12656,60,3,2356.66
12661,71,1,162.0
12662,8,10,3138.2400000000002
12663,259,2,239.4
12664,149,2,1188.16
12665,52,2,250.6
12666,29,1,1248.42
12668,13,6,7637.53
12670,20,2,764.24
12671,241,1,2622.481
12672,230,1,211.15
12673,36,1,619.5
12675,188,2,958.5
12676,43,5,1511.7
12677,190,2,395.1
12678,10,9,16652.72
12681,2,24,17080.74
12682,0,23,11745.69
12683,0,8,4220.21
12686,6,1,89.14
12687,115,2,2138.91
12691,55,1,134.6
12692,272,1,110.95
12693,31,3,847.11
12694,56,1,973.68
12695,163,3,825.02
12696,69,2,851.91
12698,225,1,339.75
12699,52,1,638.11
12701,164,4,1648.7
12703,268,3,722.98
12705,18,5,4893.81
12708,3,9,2601.19
12709,1,20,21356.82
12711,246,2,1339.05
12712,0,10,2797.53
12714,23,7,9384.85
12717,225,1,277.93
12720,4,6,2478.94
12721,20,2,1356.95
12724,18,3,1286.11
12725,6,4,2266.76
12726,22,4,1405.5
12727,77,3,1698.8300000000002
12728,18,1,233.84
12730,156,1,829.25
12731,77,5,6879.8
12733,24,3,2040.92
12734,9,2,529.25
12737,133,2,3710.5
12738,7,1,155.35
12739,20,2,1713.69
12741,164,2,406.07
12742,260,1,1201.52
12744,94,4,4037.77
12745,121,3,925.41
12746,175,1,254.55
12747,4,16,5080.53
12748,0,144,22879.66
12749,34,4,2806.48
12751,79,1,268.27
12755,0,10,5218.709999999999
12758,94,5,7111.650000000001
12759,21,5,3489.3
12760,90,1,347.8
12761,92,2,782.95
12763,4,1,320.08
12765,107,6,1404.58
12766,1,3,3078.65
12767,10,1,949.82
12768,85,1,168.69000000000003
12770,91,1,1895.0
12771,120,1,282.3
12773,199,1,124.25
12774,170,1,98.7
12775,23,2,300.08
12776,302,1,55.5
12777,92,1,519.45
12778,31,3,953.45
12779,6,7,2740.91
12780,233,1,337.4
12782,9,6,2287.32
12784,164,1,1230.33
12785,170,2,788.45
12786,244,1,728.5
12787,48,1,398.52
12788,98,4,444.9
12789,147,2,181.5
12790,45,1,266.93
12791,8,6,863.51
12792,169,1,426.47
12793,6,2,471.85
12796,263,1,381.0
12797,0,2,552.08
12798,56,1,1533.8899999999999
12799,164,1,219.35
12800,105,3,584.25
12801,135,1,1071.82
12802,77,6,1988.84
12803,28,1,1092.81
12804,100,2,327.02
12805,16,4,1434.95
12806,70,4,2878.96
12807,18,1,330.35
12808,3,3,422.45
12809,200,2,1266.63
12810,169,2,534.99
12811,13,2,519.05
12813,136,3,1687.8
12817,34,2,524.94
12819,93,1,540.52
12820,32,7,1747.18
12821,246,1,128.07999999999998
12823,29,13,4742.0
12825,156,2,518.63
12826,0,6,1481.03
12829,185,1,92.30000000000001
12831,98,2,236.06
12835,62,41,6043.31
12836,24,11,3972.76
12837,204,1,554.31
12838,8,9,2715.35
12839,2,13,4480.31
12840,72,3,1315.2
12841,4,17,3518.33
12842,39,2,799.0
12843,17,22,4886.15
12844,77,2,322.64
12846,317,1,15.58
12847,22,1,765.36
12848,310,1,208.0
12849,16,4,2039.67
12850,80,1,330.0
12851,112,1,148.95
12853,62,5,1950.4
12854,196,4,1669.52
12855,7,4,612.84
12857,71,4,2581.6
12858,18,1,177.92
12859,93,1,575.1
12860,328,1,55.47
12861,254,1,68.25
12862,60,2,1008.3199999999999
12863,14,5,2271.35
12864,143,1,152.45
12865,13,2,1755.24
12866,109,2,668.23
12867,32,6,3876.47
12868,8,3,640.0
12869,316,1,337.66999999999996
12870,10,3,1676.95
12871,74,1,363.38
12872,0,11,3085.52
12873,32,2,1653.3
12874,20,2,948.42
12875,106,3,1013.76
12876,29,2,1863.77
12877,36,8,1419.4
12880,16,2,640.13
12887,18,1,222.4
12889,16,4,385.46000000000004
12890,22,1,336.8
12891,93,8,509.5
12892,31,1,263.38
12894,210,1,157.35
12897,16,2,297.75
12898,98,2,310.96000000000004
12899,48,1,366.4
12900,57,1,340.33
12903,63,1,833.53
12905,211,2,1018.42
12907,30,2,508.91
12908,15,3,1026.0
12909,59,3,924.52
12910,14,5,2721.48
12911,186,1,1680.47
12913,3,9,4217.2300000000005
12914,35,1,223.98
12915,7,3,811.1
12916,77,3,1647.87
12917,35,5,3765.2
12918,261,1,10953.5
12920,206,3,323.86
12921,1,39,19333.95
12923,25,2,612.9
12924,28,8,1535.7
12925,227,1,35.28
12926,46,4,1548.46
12927,29,1,197.31
12928,13,7,2242.19
12931,15,42,50291.38
12932,174,8,1698.56
12933,15,5,1079.5
12934,371,1,181.65
12935,10,8,2083.16
12937,98,5,1593.34
12939,14,12,13683.0
12941,359,1,377.49
12942,0,1,258.75
12943,193,2,496.5
12945,291,1,437.16
12946,71,1,324.45
12947,8,1,304.04
12948,365,2,252.48000000000002
12949,17,14,11359.48
12951,21,9,2149.65
12953,157,1,498.96000000000004
12954,273,1,162.45
12956,319,3,413.82
12957,176,5,4689.43
12958,35,2,539.49
12959,119,1,150.95
12960,48,4,1322.07
12961,14,1,211.99
12963,0,5,1744.96
12964,72,1,132.24
12967,6,2,2646.02
12969,237,1,122.45
12970,15,6,1072.73
12971,1,33,4782.88
12972,48,4,1161.2
12973,48,1,385.55
12974,200,1,264.15
12975,71,6,2100.09
12976,13,7,2417.7799999999997
12977,136,3,478.39
12978,20,5,2502.82
12979,364,1,517.7
12980,21,12,8870.880000000001
12982,29,7,2354.27
12983,233,1,490.08000000000004
12986,63,10,2729.84
12987,55,3,753.51
12989,59,18,6627.64
12990,52,4,546.0
12991,24,1,261.06
12992,360,1,93.35000000000001
12993,80,4,844.87
12996,10,1,355.5
12997,29,4,884.02
12998,127,3,920.08
13000,360,1,497.65000000000003
13001,39,20,14353.28
13002,51,2,293.18
13004,21,18,5994.94
13005,66,2,485.98
13007,214,1,175.25
13008,32,2,382.66
13009,307,1,234.0
13010,9,2,330.12
13011,7,1,50.550000000000004
13012,64,3,1310.99
13013,6,18,7814.83
13014,67,1,1914.8
13015,73,6,3240.14
13018,48,7,2485.46
13019,14,6,1229.95
13020,197,2,618.96
13021,9,8,2270.86
13022,64,1,65.3
13023,163,1,759.13
13024,105,2,555.87
13025,366,1,323.39
13026,123,4,757.72
13027,20,13,10423.2
13029,9,2,679.8
13030,3,1,427.74
13031,42,5,3419.27
13032,27,7,1833.37
13033,64,1,30.0
13034,4,2,279.91
13035,66,1,442.32
13036,319,1,307.1
13037,34,9,3033.88
13039,219,4,1010.73
13041,85,4,799.13
13042,233,3,1556.54
13044,127,10,4293.43
13045,36,2,503.64
13046,91,1,319.94
13047,8,17,5557.62
13048,71,5,2248.3
13049,24,2,751.5600000000001
13050,1,19,6507.67
13051,213,2,155.8
13052,55,6,2820.38
13053,256,1,127.65
13055,64,1,1106.7
13056,186,1,209.48
13057,165,3,722.09
13059,48,9,2119.77
13063,115,1,188.4
13064,185,2,561.25
13065,8,5,1055.05
13067,44,2,393.05
13069,4,16,5247.01
13070,94,3,522.9
13071,247,1,129.22
13073,46,2,418.08
13074,146,4,1378.74
13076,92,1,135.4
13077,1,8,2335.4
13078,1,32,16904.510000000002
13079,52,1,199.08
13080,36,3,222.65
13081,6,19,30867.77
13082,59,12,3722.12
13083,60,1,91.67999999999999
13084,126,1,122.39999999999999
13085,314,6,2017.2
13086,17,1,439.33000000000004
13087,361,1,313.64
13088,52,1,236.11
13089,3,109,57912.03
13090,0,13,5192.27
13091,364,2,1976.0
13092,49,7,1662.45
13093,8,48,47111.18
13094,3,2,505.8
13096,29,1,419.70000000000005
13097,23,18,7378.8
13101,133,3,594.21
13102,0,14,5272.83
13103,72,2,465.70000000000005
13104,50,3,610.62
13105,71,1,72.0
13106,48,1,526.96
13107,48,5,3721.45
13108,7,2,748.46
13109,186,1,347.49
13110,72,5,1468.8000000000002
13111,353,1,321.88000000000005
13112,176,1,20.6
13113,1,14,6379.7699999999995
13114,365,1,234.38
13115,14,6,3199.92
13117,0,12,1658.8999999999999
13118,11,4,1217.6
13119,303,1,134.9
13123,107,2,506.75
13124,20,1,916.12
13125,158,1,158.57
13126,1,7,1898.6100000000001
13128,266,1,263.5
13129,87,2,233.25
13131,53,4,2240.47
13133,94,1,90.65
13134,37,2,681.65
13135,126,1,275.45
13136,10,8,3666.9500000000003
13137,21,8,4062.29
13138,7,2,504.85
13139,72,1,3138.04
13140,1,3,791.96
13141,20,12,5279.83
13143,219,1,405.1
13144,66,1,24.4
13145,7,4,805.0
13148,24,14,4914.6900000000005
13150,119,3,449.96999999999997
13151,260,2,1322.8700000000001
13152,52,7,2146.38
13154,34,3,1624.84
13155,3,3,778.42
13156,20,3,1586.54
13157,44,5,3946.14
13158,23,1,307.12
13161,135,1,366.13
13162,15,12,7587.2
13163,245,1,17.65
13164,204,2,372.2
13165,48,1,429.68
13166,49,1,466.98
13167,25,1,333.82
13168,177,1,556.12
13169,197,1,127.2
13172,35,1,69.6
13173,2,10,2285.7
13174,4,10,6677.81
13175,217,2,831.45
13177,65,1,229.75
13178,32,10,8333.72
13179,253,1,572.3100000000001
13180,242,1,86.10000000000001
13181,16,1,359.69
13183,29,6,3078.4
13187,259,3,130.99
13190,179,3,570.66
13191,293,1,164.69
13192,170,4,1646.6399999999999
13194,56,1,412.08
13195,49,1,172.38
13196,78,3,1271.06
13197,244,1,373.01000000000005
13198,22,2,1572.99
13199,1,30,6615.77
13201,137,4,1240.6100000000001
13202,29,7,1580.3
13203,21,6,1778.79
13204,366,1,966.6600000000001
13205,78,1,2803.2
13206,35,13,8377.32
13207,86,2,285.6
13208,84,3,764.6
13209,149,5,2617.9
13211,16,7,1531.9
13213,18,6,2330.94
13214,52,7,3264.23
13215,37,1,81.6
13217,290,1,132.5
13219,253,1,76.23
13220,210,1,516.8
13222,212,1,88.5
13223,58,4,805.9200000000001
13225,56,9,9796.23
13226,28,1,204.25
13230,0,17,3553.81
13233,55,2,571.34
13234,307,2,356.95
13237,22,1,643.0
13238,65,2,305.9
13239,72,4,1265.1299999999999
13240,0,5,1074.87
13241,46,1,115.58
13242,86,4,429.0
13243,84,4,677.97
13245,67,1,558.72
13246,28,5,1400.1299999999999
13249,36,6,897.52
13250,95,2,256.04
13251,37,1,252.68
13252,29,2,399.3
13253,65,2,1920.71
13254,11,1,51.410000000000004
13255,8,2,504.95
13257,71,1,149.75
13258,14,2,336.59999999999997
13259,32,8,1141.06
13262,24,2,373.16
13263,28,4,1250.6200000000001
13264,77,1,722.5600000000001
13266,48,7,2300.78
13267,1,18,5236.77
13269,4,14,3545.47
13270,1,1,590.0
13274,44,1,360.85
13275,18,2,241.66
13276,32,3,1348.33
13277,15,3,264.9
13278,34,3,893.12
13280,14,4,1507.77
13281,74,1,350.85
13282,41,1,181.05
13283,202,2,279.7
13285,235,2,655.47
13286,235,1,734.91
13287,238,3,781.59
13288,78,5,927.61
13289,358,1,307.95
13290,73,1,208.63
13291,49,10,2959.73
13292,50,3,415.57
13293,27,6,1192.94
13294,281,1,815.79
13295,11,3,900.77
13296,58,5,705.11
13297,20,3,2278.77
13299,58,2,1076.2
13300,23,2,913.62
13302,161,1,95.45
13303,35,1,61.72
13304,90,3,917.57
13305,7,7,1753.85
13306,65,1,53.65
13307,122,2,258.34
13308,231,1,284.86
13309,27,1,249.58
13310,15,2,409.17
13312,86,1,124.75
13313,114,7,1890.0
13315,324,1,310.26
13316,27,6,7213.84
13317,20,13,4212.411
13319,0,34,11236.95
13320,69,2,679.4
13324,63,8,3391.52
13326,67,1,281.76
13327,0,14,6251.71
13329,1,7,4323.97
13330,90,3,1665.25
13331,36,1,262.4
13333,46,3,1015.74
13334,171,2,2726.93
13337,181,1,1575.26
13338,176,3,1958.6
13340,52,5,11364.08
13346,97,6,299.4
13357,129,4,3228.41
13359,38,1,603.75
13360,66,4,1553.65
13361,107,2,1450.5
13362,13,3,2303.33
13363,44,1,731.36
13367,66,1,510.20000000000005
13368,49,2,498.1
13369,0,1,308.28000000000003
13370,6,1,754.87
13371,140,2,2297.66
13373,50,3,4274.94
13374,49,2,422.8
13375,79,1,1013.58
13377,31,2,1552.88
13380,67,1,62.4
13381,14,6,4585.06
13382,63,4,1164.59
13383,178,1,305.28000000000003
13384,25,4,2528.9
13386,49,2,835.46
13387,52,1,189.44
13388,238,1,508.55
13392,312,1,91.14
13393,218,4,1131.45
13394,14,11,4101.68
13395,35,2,872.51
13397,72,5,1647.74
13398,83,1,213.0
13399,99,3,275.4
13400,217,1,310.83
13402,7,3,913.9000000000001
13403,22,2,154.5
13405,116,3,641.36
13406,62,2,568.92
13407,213,3,2244.7
13408,6,46,23616.422
13410,28,4,1198.9
13412,255,1,487.34999999999997
13413,274,6,429.44
13414,98,3,1103.64
13415,107,4,800.67
13416,371,1,228.3
13417,182,4,1028.66
13418,7,15,6106.17
13421,41,6,2252.04
13423,63,1,217.03
13424,84,1,572.77
13425,143,2,1779.42
13426,17,12,4526.06
13427,112,3,423.93
13428,149,2,281.51
13431,41,6,2047.14
13432,206,2,439.1
13433,136,4,658.3199999999999
13434,20,3,1132.6200000000001
13435,11,2,665.34
13438,182,1,46.5
13439,23,2,702.9
13440,58,7,1295.25
13441,66,1,424.26
13442,302,3,419.87
13443,83,6,1280.16
13444,9,2,631.6800000000001
13445,261,1,241.89999999999998
13446,65,11,3881.89
13448,8,9,5701.5
13450,9,7,2076.32
13451,16,6,4214.77
13452,107,1,139.8
13453,37,1,424.71
13454,276,1,219.87
13455,1,5,1847.59
13457,323,2,148.22
13458,14,2,2312.7
13459,259,2,1160.4099999999999
13461,42,3,2715.0
13462,45,4,1002.35
13464,29,5,2422.96
13465,81,2,931.12
13466,43,4,705.45
13468,3,38,7685.54
13469,288,1,82.4
13472,98,2,592.24
13473,209,6,2235.12
13474,78,2,434.2
13476,41,3,823.0
13477,90,5,1379.59
13478,104,5,2215.78
13479,87,2,550.42
13480,51,2,627.82
13481,9,6,2026.28
13482,262,1,151.45
13484,18,2,476.92
13485,11,10,2564.98
13487,140,2,271.47
13488,2,11,6619.57
13490,289,1,154.25
13491,7,18,3350.7400000000002
13495,3,6,3329.39
13497,3,5,972.28
13498,365,1,327.38
13500,36,1,299.53
13501,121,2,1544.79
13502,50,2,488.5
13503,114,5,1688.54
13506,4,4,1180.68
13508,277,1,176.07999999999998
13509,142,1,135.0
13510,10,7,2766.73
13511,311,1,282.76
13512,22,3,462.18
13513,76,2,619.49
13514,63,3,663.7
13515,84,2,374.7
13516,52,1,295.85
13519,77,1,220.46
13520,6,6,3285.05
13523,1,2,1136.64
13526,373,2,1182.0
13527,53,5,2396.23
13530,269,1,402.97999999999996
13531,1,5,1254.72
13534,14,10,1850.82
13535,37,1,89.5
13537,60,2,717.85
13538,31,5,1831.88
13539,55,4,938.02
13540,102,3,632.39
13541,62,2,785.25
13542,11,17,4006.17
13543,269,2,1439.6100000000001
13544,46,4,537.59
13545,25,2,374.64
13546,17,2,465.15
13547,43,1,175.53
13548,106,1,226.57999999999998
13549,22,1,87.6
13550,18,1,349.51
13551,301,1,152.39999999999998
13552,63,10,3238.85
13553,309,1,517.8
13554,15,7,1638.28
13555,13,9,4849.91
13556,64,2,200.82
13557,50,11,2448.2
13559,147,2,990.0
13561,32,10,1678.86
13562,36,5,3038.85
13564,3,35,15500.53
13565,46,1,174.57999999999998
13566,69,3,833.41
13567,63,4,1083.69
13569,2,3,520.03
13571,17,14,2454.2200000000003
13573,14,4,622.07
13574,46,1,421.25
13576,8,11,4834.400000000001
13577,17,7,1801.68
13578,44,1,147.66
13579,4,4,1072.0
13580,41,1,107.75
13581,49,1,162.53
13582,24,2,241.68
13583,314,1,664.001
13584,133,2,250.05
13585,165,3,684.54
13586,176,1,131.53
13587,84,3,961.1
13589,84,4,741.09
13590,10,12,4367.67
13591,70,4,976.8100000000001
13593,22,9,3486.61
13594,120,1,136.35000000000002
13595,151,3,818.22
13597,35,2,396.71
13598,130,4,609.42
13599,1,14,5013.96
13600,269,1,298.9
13601,27,2,491.82
13602,16,3,596.28
13604,293,1,717.62
13605,22,2,522.67
13607,37,1,400.3
13608,175,1,236.2
13609,228,1,167.35
13610,22,7,1044.0
13611,9,7,2147.73
13612,267,1,818.29
13613,87,5,1039.8500000000001
13614,28,2,748.73
13615,34,7,5854.84
13616,203,2,288.1
13617,43,5,734.57
13619,179,2,231.69
13620,163,1,112.34
13622,331,1,658.95
13623,15,5,1818.71
13624,23,1,462.08
13625,231,1,301.26
13626,14,1,449.81
13627,123,2,607.43
13628,311,1,310.14
13629,48,8,5578.5
13632,29,3,1526.88
13634,9,11,3498.31
13635,77,3,1928.1299999999999
13639,71,1,312.93
13640,246,1,405.0
13641,275,5,1016.47
13642,67,3,159.92
13643,17,7,1637.33
13646,34,2,326.25
13647,129,4,1393.56
13648,35,8,1764.02
13649,1,5,1332.28
13650,9,4,1451.66
13651,16,1,132.65
13652,3,3,1475.77
13653,122,1,152.2
13654,15,5,3600.67
13655,9,4,1347.54
13656,134,2,699.2
13658,18,4,3386.33
13659,51,10,3321.68
13660,35,1,314.59
13661,238,1,325.24
13662,20,8,1352.35
13663,15,4,1858.04
13665,21,3,1711.6599999999999
13666,55,2,43.25
13668,18,14,6726.35
13669,42,1,195.0
13671,29,1,194.95
13672,365,1,233.53000000000003
13674,67,1,240.68
13676,174,2,243.9
13677,39,2,556.1899999999999
13679,128,3,281.26
13680,106,8,7713.25
13683,92,1,258.6
13684,25,3,529.75
13686,15,2,337.04
13687,73,1,11880.84
13688,270,1,375.5
13689,79,1,349.5
13691,31,1,212.78
13692,43,2,1626.08
13693,9,9,2011.82
13694,8,94,131443.19
13695,212,1,266.6
13696,56,3,2020.4
13698,231,2,465.53000000000003
13699,185,1,455.57
13700,52,3,348.34
13701,81,1,161.0
13702,80,1,135.18
13703,50,1,326.06
13705,8,5,1323.47
13706,261,1,300.38
13707,64,3,2559.45
13709,81,5,1263.7
13710,58,2,329.04
13711,41,7,1540.2
13712,245,1,537.58
13713,43,3,743.26
13714,100,1,161.35
13715,7,13,7403.95
13717,92,2,318.29
13719,28,6,1773.57
13721,30,1,217.39999999999998
13722,55,7,3260.0
13723,27,5,1009.35
13724,272,1,213.01
13727,246,6,746.57
13728,22,10,1839.03
13729,70,3,724.73
13733,45,2,487.03000000000003
13734,143,4,6701.640000000001
13735,11,9,6927.9800000000005
13736,60,5,2034.31
13738,31,1,440.93
13739,162,1,75.3
13740,50,4,1247.02
13745,181,1,477.32
13746,48,1,176.69
13747,8,2,169.79999999999998
13748,8,5,1320.1
13750,15,6,1954.92
13752,162,1,404.45000000000005
13753,233,3,1353.31
13754,72,1,164.45000000000002
13756,2,10,4017.9800000000005
13757,309,1,195.55
13758,1,10,6226.43
13760,39,3,1076.85
13761,137,4,881.52
13762,228,4,2165.76
13763,52,2,3502.48
13764,204,3,1431.5
13765,288,1,352.821
13766,130,1,190.35
13767,4,39,18320.170000000002
13768,361,2,875.97
13769,2,11,3003.9100000000003
13770,57,4,785.37
13771,168,5,3094.37
13772,35,5,1982.09
13773,31,2,301.54
13775,225,1,1049.66
13776,63,2,623.98
13777,1,37,30501.260000000002
13778,126,3,945.79
13779,150,1,161.13
13780,42,1,375.81
13781,227,2,650.99
13782,88,7,881.72
13783,122,4,1542.09
13784,69,3,447.44
13785,63,4,542.49
13786,2,6,3128.54
13787,93,4,913.46
13788,140,1,3.75
13789,23,1,239.45999999999998
13792,57,1,188.4
13793,281,1,96.0
13794,181,1,126.03
13795,23,4,836.3
13796,134,1,289.7
13797,71,3,1179.45
13798,7,54,38683.02
13799,79,7,2114.71
13800,65,2,1121.24
13802,9,16,21659.69
13803,66,2,1061.84
13804,70,2,572.73
13807,2,3,422.2
13809,29,2,524.65
13813,162,4,1398.61
13814,162,1,678.2
13815,41,4,3448.38
13818,64,1,61.28
13819,304,3,1502.0
13820,53,3,660.65
13821,28,4,1025.09
13823,15,5,2445.79
13824,14,7,1615.82
13825,256,2,255.59
13829,56,1,102.0
13830,216,1,156.85000000000002
13831,4,13,4820.59
13832,57,1,561.49
13833,39,1,316.56
13834,211,2,324.19
13835,154,3,260.7
13836,34,2,620.37
13838,4,7,1274.3600000000001
13839,121,1,139.95000000000002
13840,51,1,651.4
13842,1,10,2244.29
13843,16,1,319.75
13846,34,1,442.73
13847,354,1,310.72
13848,1,6,2080.0
13849,32,3,1931.35
13851,14,5,1955.0
13852,245,1,187.35000000000002
13854,0,15,4144.44
13855,135,4,1310.3400000000001
13856,98,8,753.53
13857,28,6,1001.01
13859,164,1,314.7
13861,64,2,273.26
13862,24,1,346.73
13863,100,3,933.77
13864,21,1,662.4000000000001
13869,16,6,5006.62
13870,22,7,2941.14
13871,63,4,1482.6
13872,162,3,919.57
13873,18,5,649.32
13874,139,6,1508.7
13875,22,9,3027.58
13877,105,2,332.44
13878,182,3,1191.53
13879,280,1,395.5
13880,2,5,1171.89
13881,10,23,28019.58
13883,38,10,3885.54
13884,11,5,1100.88
13888,39,5,1563.42
13889,17,5,1574.3300000000002
13890,9,4,1043.57
13891,13,3,863.5600000000001
13892,112,2,634.68
13895,150,2,1415.45
13896,260,1,388.55
13897,73,2,849.56
13898,46,1,530.47
13900,24,3,869.64
13901,9,10,2809.14
13902,267,5,34095.26
13903,35,1,165.45000000000002
13905,367,1,312.65
13906,44,1,42.0
13907,326,1,136.8
13909,58,2,286.6
13911,14,11,1654.08
13912,58,1,124.95
13913,141,1,42.22
13915,29,1,70.80000000000001
13916,98,4,1275.81
13919,59,2,975.87
13920,66,4,1774.68
13921,37,4,730.7
13922,72,2,692.95
13927,72,1,359.27
13929,51,9,2651.45
13931,27,9,4019.85
13935,231,3,6116.92
13936,17,2,563.08
13937,37,1,721.28
13939,66,4,992.41
13941,7,11,6009.34
13942,169,1,320.0
13943,212,1,246.54
13944,288,1,200.43
13945,29,2,854.15
13946,11,3,1314.66
13948,46,3,446.76
13952,15,12,9572.45
13953,44,5,3125.0
13955,10,1,222.21
13957,52,3,458.25
13958,14,8,4709.2300000000005
13959,34,3,477.98
13961,27,1,538.4
13962,70,1,193.25
13963,2,14,2347.33
13964,22,2,438.9
13965,111,3,996.61
13966,70,1,390.86
13967,31,1,85.6
13968,58,1,123.66
13969,0,18,4311.93
13970,21,2,846.55
13971,58,6,1909.31
13974,217,1,264.13
13975,28,6,2832.56
13976,141,3,834.38
13977,46,1,519.8100000000001
13979,28,6,2546.36
13980,74,4,599.78
13981,50,1,331.14
13982,0,6,2573.7799999999997
13983,1,10,4505.02
13984,1,8,1128.09
13985,9,7,2960.73
13987,14,2,682.54
13988,18,2,609.84
13989,99,3,759.98
13992,15,2,142.7
13993,14,10,3309.35
13995,14,9,2508.32
13996,21,2,895.76
13997,154,3,382.31
13998,81,3,566.7
13999,9,17,5600.45
14000,49,4,1410.68
14001,8,7,2487.01
14003,367,1,209.41
14004,28,4,1675.81
14006,163,4,1234.48
14007,147,1,79.48
14008,67,1,509.04
14009,97,1,404.3
14010,200,2,445.15
14011,115,2,457.82
14013,15,2,611.5500000000001
14014,11,2,1443.03
14016,31,7,7062.2
14017,206,1,229.75
14018,280,1,367.15000000000003
14020,111,2,606.21
14021,9,4,1084.68
14022,121,1,352.15000000000003
14024,25,1,318.04
14025,99,8,4057.9
14026,105,2,713.11
14028,185,3,10396.5
14030,1,14,5902.2
14031,0,27,23712.31
14032,1,6,1874.68
14033,190,1,109.44
14035,41,4,1428.7
14037,113,4,689.75
14038,32,2,1509.5
14039,210,1,115.08000000000001
14040,21,23,9030.65
14042,360,1,431.98
14043,126,2,304.25
14044,53,6,2470.28
14045,8,13,9653.279999999999
14047,7,10,2946.42
14048,17,2,338.76
14049,22,9,7557.3099999999995
14051,1,15,6823.610000000001
14052,25,1,255.45
14053,32,2,312.05
14055,212,2,795.3199999999999
14057,16,5,2190.88
14058,97,2,469.19
14060,1,13,3378.66
14061,142,3,917.4300000000001
14062,9,12,15139.35
14063,73,9,22710.2
14064,65,10,1978.68
14065,24,3,891.02
14068,238,3,1262.52
14069,149,2,230.06
14070,319,1,326.55
14072,301,1,390.85
14074,258,1,219.39999999999998
14075,38,3,792.61
14077,30,1,115.66
14078,8,4,643.26
14079,317,1,243.63
14080,48,4,1070.08
14081,4,9,4435.58
14082,27,1,231.10999999999999
14083,6,3,388.83
14084,147,1,150.5
14085,3,16,5656.43
14086,97,1,39.95
14087,39,2,651.8
14088,41,3,13544.99
14091,289,2,9530.08
14092,9,10,3152.54
14094,74,1,335.22
14095,357,1,2.95
14097,116,2,422.85999999999996
14099,10,9,2661.54
14101,23,7,3985.14
14104,24,3,555.37
14105,43,4,4722.6
14106,372,1,214.79999999999998
14107,83,4,2174.07
14108,366,2,447.05
14110,70,21,7304.8
14112,86,6,2919.44
14113,10,12,5252.1900000000005
14114,30,5,977.5600000000001
14115,136,2,622.6700000000001
14118,63,1,458.45
14119,10,2,183.37
14122,41,3,362.42
14123,368,1,436.18
14126,79,1,466.33000000000004
14127,15,3,1190.3700000000001
14128,186,1,286.71
14129,34,4,1467.48
14130,10,3,1398.81
14131,283,1,187.87
14133,368,1,305.5
14134,17,15,11123.35
14135,2,11,4953.61
14136,35,5,1570.81
14137,330,1,332.7
14139,125,3,670.98
14142,8,2,671.34
14144,121,1,30.599999999999998
14145,94,3,3857.85
14146,18,7,5259.3
14147,23,7,2106.8
14148,49,1,309.09000000000003
14151,308,2,679.45
14152,22,5,1376.05
14153,118,1,233.4
14154,16,6,5115.08
14156,6,102,196566.74
14157,24,3,569.9
14159,14,9,3245.0
14160,245,7,8421.47
14161,4,5,2208.36
14163,97,1,148.71
14166,140,2,256.85
14167,99,4,721.65
14168,55,2,370.45
14169,65,2,624.4300000000001
14170,10,3,597.33
14171,365,1,135.0
14172,240,3,402.72
14173,276,2,135.16
14175,53,5,4456.58
14176,2,2,339.11
14177,16,9,1669.93
14180,7,9,1570.73
14181,45,2,310.55
14182,78,4,678.77
14183,46,2,286.29
14186,62,5,1550.63
14187,108,1,123.5
14189,3,2,1160.31
14190,301,1,79.9
14191,29,2,132.9
14192,23,1,293.74
14193,31,1,356.8
14194,27,15,7321.07
14195,74,4,1603.6
14197,45,1,390.05
14198,35,5,868.33
14199,58,3,906.3
14200,252,1,379.2
14201,44,3,446.1
14202,16,3,847.76
14203,32,1,339.34
14204,57,3,901.9300000000001
14205,29,7,1947.5
14206,23,2,856.85
14207,322,1,157.8
14208,186,1,415.31
14209,20,9,2919.84
14210,6,11,3955.6800000000003
14211,46,9,2161.19
14212,80,1,1119.6599999999999
14213,39,1,1192.2
14215,3,4,1626.61
14216,49,1,310.74
14217,1,7,1411.91
14219,44,2,543.89
14220,202,2,882.5999999999999
14221,84,8,3084.69
14224,25,5,847.78
14225,69,4,2037.02
14226,76,1,770.34
14227,49,5,3017.75
14228,72,3,745.5
14229,38,4,1046.84
14230,70,3,979.8000000000001
14231,85,1,309.91
14233,100,3,1441.55
14235,133,4,1573.1299999999999
14236,7,4,1253.78
14237,8,2,471.14
14238,297,2,287.38
14239,66,10,1882.3200000000002
14240,58,1,357.15
14241,331,1,120.0
14243,0,8,4842.28
14244,295,1,366.41999999999996
14247,39,4,635.89
14248,94,2,730.37
14249,45,12,5625.461
14252,16,1,350.99
14253,128,2,363.40000000000003
14254,67,1,601.03
14255,181,1,1000.63
14256,126,3,1504.93
14257,15,4,2854.73
14258,30,16,19381.36
14260,106,3,824.28
14263,58,1,322.93
14264,14,4,1183.39
14265,99,2,843.17
14266,63,1,40.56
14268,105,1,354.85
14269,74,1,295.73
14271,44,1,106.81
14272,197,2,482.85
14274,321,1,256.6
14275,30,6,1189.3799999999999
14276,42,4,982.94
14277,46,6,13009.61
14278,44,1,205.83
14279,155,2,191.86
14281,43,1,245.15
14282,2,11,4120.32
14283,98,4,628.4399999999999
14284,288,1,704.4
14285,148,4,1374.41
14286,39,4,3851.0099999999998
14290,48,3,2201.91
14291,15,12,4020.85
14292,45,7,4354.32
14293,3,6,2221.37
14294,42,1,375.34
14295,73,4,2196.71
14296,56,2,456.40000000000003
14298,10,38,39667.19
14299,0,19,10533.87
14301,51,3,1352.04
14302,65,3,742.9000000000001
14303,42,2,277.94
14304,14,2,1341.56
14306,13,4,1058.0800000000002
14307,8,5,2075.31
14308,184,2,1147.02
14309,48,2,1428.28
14310,67,1,492.1
14311,202,1,206.19
14312,13,5,1478.7
14314,65,1,109.80000000000001
14315,199,2,716.69
14316,57,5,1370.34
14318,95,1,158.02
14319,59,1,494.85
14320,181,3,868.96
14321,66,2,687.3100000000001
14322,64,4,474.1
14324,44,2,701.61
14325,204,1,245.48000000000002
14326,98,2,757.13
14327,17,5,1583.28
14328,73,1,445.05
14329,10,8,4912.38
14330,258,1,200.63
14332,16,2,1077.2
14334,60,4,1766.27
14338,171,1,339.88
14339,63,1,310.75
14341,55,10,2285.04
14342,67,2,249.88
14343,56,4,1088.91
14344,2,14,2443.77
14346,60,3,1294.17
14347,371,1,82.6
14350,15,2,689.1
14353,45,2,285.9
14355,0,3,840.0500000000001
14358,24,2,400.06
14361,213,1,214.70999999999998
14363,37,2,227.47000000000003
14365,29,2,634.68
14366,160,1,136.0
14369,277,2,469.13
14370,85,6,1175.78
14372,78,2,860.08
14374,176,1,108.0
14375,85,2,875.31
14376,318,1,215.46
14378,256,1,131.25
14379,28,2,920.81
14380,317,1,48.96
14381,86,1,428.65999999999997
14382,25,1,620.73
14384,135,1,58.5
14388,7,9,3488.16
14389,59,3,854.55
14390,7,5,1747.01
14391,211,1,135.6
14392,67,1,266.4
14394,199,1,93.8
14395,7,12,4700.3
14396,6,6,1633.94
14398,36,2,707.79
14399,29,8,2113.16
14400,43,2,1157.77
14401,59,9,2744.42
14402,287,1,285.6
14403,224,2,404.7
14404,4,8,1424.79
14405,21,1,195.0
14408,106,4,1503.2400000000002
14409,3,5,1696.64
14410,11,2,1546.07
14412,59,1,656.16
14413,45,3,647.67
14414,9,1,902.35
14415,14,10,6191.32
14417,22,1,604.2
14419,17,1,202.85
14420,31,3,1251.65
14421,147,4,1656.26
14422,9,13,6007.88
14423,72,2,651.41
14425,69,3,661.39
14426,38,7,7246.27
14427,129,2,900.1800000000001
14429,38,1,516.28
14430,146,3,1220.9
14431,14,3,2143.84
14433,100,1,289.6
14435,136,1,90.42
14436,188,1,182.64000000000001
14437,0,5,895.84
14439,78,4,6781.8
14440,0,9,4281.05
14441,9,7,2898.8
14442,49,5,3777.2
14443,3,2,966.27
14444,91,1,132.04
14445,90,1,221.65
14446,21,1,201.73
14447,35,1,548.5
14449,7,5,1575.7
14450,14,4,645.19
14451,24,10,2646.18
14452,30,2,401.15
14454,11,5,977.3
14455,67,4,628.21
14458,15,1,237.42
14459,286,1,3537.821
14460,31,6,659.16
14461,17,10,4610.44
14462,67,1,265.99
14463,134,1,256.95
14464,203,2,111.0
14465,63,8,2887.4100000000003
14466,7,7,2374.5
14467,24,8,1622.23
14468,368,1,204.24
14469,51,4,2112.21
14470,65,1,250.85
14471,226,2,400.95
14472,324,1,291.38
14474,214,1,730.42
14475,43,1,225.3
14477,71,3,660.0
14478,17,4,1276.66
14479,0,3,982.86
14480,37,3,1020.47
14481,42,3,1674.98
14482,14,6,2289.76
14483,371,1,120.0
14484,36,3,749.0600000000001
14486,146,2,175.5
14487,3,2,257.28000000000003
14489,72,3,1111.55
14490,41,2,1273.47
14491,7,1,127.2
14492,65,7,1921.91
14493,25,5,2746.91
14494,36,2,261.9
14495,294,1,51.0
14496,8,6,2129.42
14497,308,1,221.69
14498,36,5,1953.95
14499,9,4,1323.65
14505,39,11,6096.2
14506,4,3,1278.5
14507,13,5,1901.25
14508,11,3,598.52
14509,169,1,110.95
14510,10,3,1007.28
14512,18,5,948.19
14513,71,3,332.42
14514,71,6,3543.63
14515,22,6,1647.17
14516,151,1,163.92
14519,318,2,206.09
14521,126,1,199.45000000000002
14522,230,4,784.08
14524,44,4,1066.03
14525,63,8,3908.44
14526,24,1,262.4
14527,0,69,19283.48
14530,31,10,3271.4900000000002
14531,114,1,376.34
14532,46,7,2926.33
14533,42,4,1516.65
14534,32,8,1824.06
14535,30,6,3166.54
14537,258,1,285.84000000000003
14538,165,3,982.59
14540,14,8,2799.08
14541,51,6,1038.03
14543,15,23,11276.44
14544,105,1,957.98
14545,309,1,349.25
14546,11,6,2619.81
14548,119,7,1974.69
14549,55,3,627.3100000000001
14550,23,2,587.69
14551,46,5,693.81
14552,15,2,346.21
14553,46,4,982.27
14555,16,4,1991.49
14556,231,3,835.34
14558,289,3,655.5
14559,25,1,75.6
14560,14,22,3876.2599999999998
14562,25,8,1654.63
14563,144,2,679.44
14564,69,2,2605.62
14565,108,1,760.1
14566,52,3,2660.0
14568,70,1,919.7
14569,87,3,371.59
14570,78,1,395.69
14571,60,1,161.65
14572,52,4,2782.34
14573,7,5,968.0
14574,367,1,143.70000000000002
14575,123,1,460.71
14576,7,1,35.400000000000006
14577,29,3,514.54
14579,67,1,105.56
14580,153,1,14.850000000000001
14581,179,1,295.2
14583,18,3,728.48
14584,56,4,705.65
14585,17,4,986.22
14588,213,1,135.39
14589,6,1,39.75
14590,59,20,3006.62
14593,32,9,3094.02
14594,8,1,255.0
14595,88,2,423.85
14596,261,1,229.47
14597,14,4,1318.3899999999999
14598,204,1,162.07
14599,25,2,474.54
14600,28,1,471.84000000000003
14602,291,1,205.35999999999999
14604,268,1,143.85999999999999
14605,9,4,937.16
14606,1,102,18704.41
14607,102,8,7568.13
14608,14,7,1567.79
14609,25,6,884.64
14610,30,2,24.35
14611,78,2,604.3299999999999
14612,50,1,877.7
14613,315,1,76.32000000000001
14614,21,1,295.13
14615,29,5,951.76
14616,20,2,121.7
14617,37,2,190.47000000000003
14618,11,4,788.88
14619,176,1,896.8000000000001
14621,146,4,1212.21
14623,15,5,1170.33
14624,50,4,588.22
14625,9,9,3598.25
14626,30,7,2619.65
14627,14,1,462.75
14628,77,3,1326.04
14630,119,1,338.65
14631,21,3,1018.71
14634,72,4,2124.46
14635,88,1,215.22
14637,312,1,106.67999999999999
14639,43,3,1994.47
14640,44,4,1541.98
14643,252,3,986.08
14644,49,5,1416.96
14645,269,1,279.8
14646,9,78,248396.5
14647,158,1,276.75
14648,51,15,4546.86
14649,17,5,2358.02
14650,223,1,62.5
14651,29,7,1379.52
14653,148,5,1666.99
14654,373,1,246.86
14655,23,3,1946.28
14656,50,3,523.6
14657,64,2,612.65
14662,62,3,645.16
14663,65,2,490.6
14665,62,2,913.95
14667,0,31,12685.94
14668,80,1,111.63
14669,268,4,1973.94
14670,367,1,190.47
14671,184,2,1127.45
14672,150,2,347.59
14673,2,3,1674.41
14674,144,1,173.66
14675,23,1,462.15
14676,29,6,5808.55
14677,227,1,184.91
14678,214,1,403.39
14679,16,3,1289.44
14680,6,43,28658.66
14681,22,3,376.20000000000005
14682,63,4,1462.81
14683,223,1,146.56
14684,25,1,232.27
14685,211,8,4619.79
14686,49,5,885.83
14687,35,2,773.6800000000001
14688,8,8,2082.7
14690,27,2,422.63
14692,15,8,1153.54
14693,60,6,992.46
14694,252,1,244.31
14695,154,3,1620.07
14696,8,2,688.95
14699,70,3,593.47
14700,50,2,880.96
14701,77,6,2012.72
14702,0,13,3462.08
14704,59,2,266.66
14706,253,1,390.69
14707,70,2,139.2
14708,3,3,1085.91
14709,14,12,3965.29
14710,14,9,1316.46
14712,53,1,411.0
14713,0,11,2752.5099999999998
14714,42,3,746.05
14715,77,4,973.0699999999999
14716,79,1,235.77
14717,368,1,81.3
14718,45,1,226.42
14721,14,1,115.77
14722,112,2,325.45
14723,6,7,934.76
14724,225,1,345.25
14725,29,3,597.16
14726,289,1,124.75
14727,181,2,199.35
14728,48,1,190.58
14729,8,3,593.89
14732,27,11,2814.58
14733,2,4,6599.06
14734,60,4,1056.42
14735,23,24,6174.47
14736,120,2,401.08
14737,35,1,2389.62
14738,195,2,507.45
14739,2,19,8385.22
14740,44,8,2712.85
14741,7,2,497.25
14742,70,1,579.85
14743,227,1,50.48
14744,1,8,2785.1
14745,136,7,1351.55
14746,41,4,593.5
14748,3,7,1736.57
14749,114,1,310.15
14750,371,1,112.03
14751,319,2,126.45
14753,95,1,306.36
14754,60,4,912.4300000000001
14755,16,14,4962.27
14756,17,2,1914.8
14758,31,3,1380.9099999999999
14761,79,1,192.02
14762,261,1,117.05000000000001
14766,1,6,4082.76
14767,109,1,382.81
14769,25,9,5097.13
14770,102,6,2761.2200000000003
14771,256,2,594.62
14773,227,1,140.55
14774,163,1,241.45
14775,7,1,406.56
14776,22,4,1170.0
14777,38,1,307.56
14783,294,1,307.3
14784,24,1,159.94
14786,185,1,90.96
14787,106,1,110.65
14788,231,1,476.88
14790,9,6,1781.56
14791,241,1,303.63
14793,170,1,396.91
14794,37,3,633.99
14796,1,11,2867.15
14797,142,1,300.31
14798,16,5,550.5699999999999
14799,372,1,180.45
14800,4,6,3434.58
14802,73,2,1502.98
14805,39,3,549.99
14806,74,1,110.03999999999999
14807,25,2,519.29
14809,256,2,686.76
14810,4,3,449.14
14811,22,1,170.5
14812,233,1,185.8
14813,4,4,935.44
14814,216,1,160.46
14817,30,5,2849.52
14818,93,3,512.61
14819,129,2,198.09
14820,15,5,767.47
14821,1,7,1237.65
14822,120,1,157.70000000000002
14824,14,6,2895.2000000000003
14825,3,13,2698.17
14826,216,2,385.2
14828,23,10,7699.7
14829,7,4,995.29
14831,315,3,1676.57
14832,265,1,322.69
14833,133,1,94.8
14834,42,1,485.86
14835,163,2,297.0
14837,77,5,1810.82
14838,58,2,773.6700000000001
14839,53,3,915.28
14840,174,1,299.86
14841,9,8,3867.2400000000002
14843,71,1,211.79999999999998
14844,65,6,3512.62
14845,234,1,150.0
14846,62,1,437.4
14847,42,2,1039.55
14848,39,1,310.56
14849,8,21,7832.91
14850,52,6,1468.26
14851,265,1,318.06
14852,59,12,3310.4900000000002
14853,58,3,901.0699999999999
14854,25,4,1563.03
14855,109,5,5874.65
14857,77,5,2478.731
14858,140,1,180.75
14859,189,1,351.9
14861,15,9,1254.94
14865,7,3,77.52000000000001
14866,1,8,6460.32
14867,30,13,2241.78
14868,15,4,1230.42
14869,23,4,2078.54
14870,48,5,1511.7
14871,128,5,736.59
14872,118,3,816.6
14873,268,1,334.45
14874,170,1,116.18
14875,76,1,1397.08
14876,156,2,256.7
14877,53,2,437.0
14878,11,16,2619.7000000000003
14879,319,1,185.06
14882,25,12,3038.4500000000003
14884,304,1,120.6
14885,62,2,832.8
14890,253,2,691.6
14891,51,2,552.35
14892,325,1,202.35000000000002
14893,252,1,571.76
14894,78,2,837.0600000000001
14895,18,18,13980.83
14896,0,7,1623.65
14897,44,4,1774.16
14898,6,9,2204.29
14899,30,1,1384.88
14900,157,1,13.919999999999998
14901,1,5,868.36
14902,30,2,702.96
14904,43,2,615.2
14905,9,6,1355.24
14906,80,1,68.44
14907,2,10,2664.69
14908,98,1,104.10000000000001
14909,72,3,1404.68
14911,0,205,152147.57
14912,36,4,1021.4
14913,23,4,2845.7
14915,10,9,1503.77
14916,66,4,1773.97
14917,231,2,1123.75
14918,39,7,4345.66
14919,174,1,359.35
14920,200,1,629.4
14922,28,2,843.74
14924,245,2,620.96
14926,16,2,359.4
14927,31,1,308.2
14928,262,1,223.91000000000003
14929,56,1,612.8100000000001
14930,105,3,2873.77
14932,0,2,666.13
14933,78,4,1770.0
14934,13,3,1612.56
14935,254,1,1065.12
14936,25,4,4273.79
14938,197,2,2322.43
14940,52,2,531.49
14941,213,1,182.1
14942,36,4,746.56
14943,298,1,107.62
14944,24,7,3884.42
14945,48,1,179.4
14947,23,4,758.97
14949,104,4,515.0
14952,31,21,9529.86
14953,53,3,723.95
14954,338,1,167.27
14955,367,1,163.77
14956,56,1,1325.0
14957,279,1,274.8
14958,230,3,458.26
14961,14,13,9365.47
14962,174,3,240.21000000000004
14963,14,7,1676.68
14966,22,5,924.5200000000001
14967,76,5,1518.81
14968,93,1,357.4
14969,338,1,906.23
14970,44,8,3327.29
14972,16,1,30.300000000000004
14975,56,1,192.45
14977,360,1,31.929999999999996
14978,65,5,1210.72
14979,370,1,439.46
14980,372,1,150.68
14981,58,1,270.8
14982,207,1,237.78
14983,324,1,183.20000000000002
14984,23,4,1058.1399999999999
14986,11,2,566.9
14987,0,7,1387.4499999999998
14988,15,6,1732.06
14989,296,1,342.4
14990,247,2,305.42
14991,65,1,314.67
14992,77,1,210.5
14993,198,1,36.13
14994,17,5,960.63
14996,116,2,442.28999999999996
14997,290,1,230.4
14998,63,2,340.86
14999,227,1,129.48000000000002
15001,29,2,230.85999999999999
15002,2,6,3175.52
15003,108,6,1060.7
15005,1,29,7789.63
15006,88,1,323.05
15008,115,2,360.0
15011,30,2,416.6
15012,8,2,437.58
15013,122,10,1641.3
15015,136,13,2365.02
15016,28,4,460.26
15018,2,1,111.25
15020,14,1,203.42
15021,1,4,869.01
15022,312,1,281.05
15023,4,10,5367.92
15024,2,8,2414.18
15025,203,1,636.08
15026,10,2,592.61
15027,30,6,2129.45
15028,3,3,530.58
15029,254,1,365.1
15030,15,6,1461.63
15031,29,10,2488.44
15032,1,7,8821.55
15034,21,6,4004.79
15037,11,2,402.51
15038,4,4,604.37
15039,3,47,20116.99
15040,176,1,7.49
15041,79,1,113.67
15042,230,1,179.52
15043,98,5,2336.7999999999997
15044,14,18,8504.1
15046,60,10,2598.62
15048,3,1,98.7
15050,56,2,2411.7
15051,14,6,2543.55
15055,109,3,560.07
15056,155,1,133.45
15057,78,3,1766.46
15058,11,5,1285.04
15059,11,10,2185.85
15061,2,86,83284.38
15062,58,4,1597.76
15064,45,4,1254.41
15065,45,1,168.73
15067,48,2,2133.12
15068,53,2,623.49
15070,7,3,737.0500000000001
15071,21,2,473.49
15072,114,1,187.51999999999998
15073,35,5,1744.61
15074,64,2,817.46
15076,127,2,566.89
15077,129,2,2428.08
15078,3,23,8018.77
15079,0,8,2871.74
15080,62,2,546.25
15081,2,8,1460.92
15082,303,1,93.35000000000001
15084,14,2,965.2
15085,364,1,347.54
15086,199,2,218.53
15091,309,2,565.9
15092,97,1,318.65
15093,7,18,9729.09
15094,98,2,83.0
15095,55,6,1771.04
15097,218,2,660.27
15100,1,6,2018.6999999999998
15101,150,4,1160.41
15102,165,2,554.67
15105,65,2,795.98
15107,7,4,620.85
15109,214,2,498.15000000000003
15110,38,2,509.75
15111,7,3,1163.39
15112,246,1,209.4
15114,18,2,639.56
15115,367,1,191.74
15117,83,3,934.19
15122,57,8,2863.69
15123,56,3,2456.86
15124,111,2,266.63
15125,114,9,5496.39
15126,171,2,449.49
15127,154,1,304.97
15128,65,1,312.68
15129,20,12,3412.78
15131,29,1,80.28
15133,17,2,824.48
15134,16,2,208.3
15135,191,1,166.63
15137,155,2,823.4
15138,28,1,502.52
15140,77,1,889.44
15141,92,7,1388.47
15142,45,5,2121.18
15143,67,1,304.18
15144,14,12,5579.87
15149,211,4,1033.81
15150,91,3,3686.61
15151,58,2,2085.61
15152,336,1,518.14
15154,113,2,1091.99
15155,18,1,383.96999999999997
15157,204,2,718.04
15158,36,1,204.62
15159,30,4,3475.7200000000003
15160,9,3,431.11
15161,23,1,119.92
15162,366,1,312.9
15164,24,6,1225.8700000000001
15165,8,1,487.75
15166,102,1,167.16
15167,42,4,1496.67
15169,17,2,569.22
15170,41,1,81.15
15173,15,7,1494.6
15174,45,1,345.71
15176,302,1,988.04
15177,60,1,948.93
15179,27,8,5284.97
15180,2,3,816.9300000000001
15181,55,2,510.72
15182,20,9,2376.1020000000003
15183,182,3,639.93
15184,22,2,283.19
15186,109,3,991.7900000000001
15188,360,1,310.43
15189,16,5,1298.99
15190,69,1,834.4399999999999
15191,98,3,588.05
15192,0,3,937.07
15194,3,14,4811.16
15196,67,2,316.25
15197,29,3,797.9
15198,43,3,377.71
15199,9,6,1853.7
15200,129,1,549.05
15201,74,2,606.4100000000001
15202,55,3,6001.49
15203,25,9,2572.38
15207,51,3,683.9200000000001
15208,58,1,100.4
15209,365,1,178.98000000000002
15210,13,2,845.01
15211,0,1,383.07
15212,11,1,106.47999999999999
15215,28,4,1687.49
15216,253,1,389.49
15217,198,1,426.24
15218,24,11,5759.68
15219,283,1,379.7
15221,1,4,2062.2000000000003
15222,107,10,2965.91
15223,244,3,662.2
15224,147,3,549.28
15227,31,4,1269.0900000000001
15228,63,2,2193.56
15229,221,1,160.5
15231,256,1,250.26
15233,36,1,59.400000000000006
15235,4,6,690.3000000000001
15240,9,7,2753.41
15241,65,3,1293.72
15242,57,1,302.04
15243,70,1,610.6
15244,301,1,280.51
15245,37,5,2095.0
15246,190,1,266.25
15247,112,2,620.06
15248,46,3,1893.93
15249,65,5,2577.54
15250,275,1,60.0
15251,49,10,9839.55
15252,56,3,1362.63
15253,38,3,1136.89
15254,181,2,787.99
15255,31,8,2838.57
15256,196,1,71.95
15257,49,1,368.75
15259,147,4,1182.3799999999999
15260,7,20,7377.46
15261,16,3,1253.18
15262,15,2,239.87
15264,165,1,454.66
15265,239,2,1839.52
15266,14,4,732.91
15268,113,3,961.9000000000001
15269,15,2,816.56
15270,35,14,6145.37
15271,0,10,2202.4700000000003
15272,85,4,1363.54
15273,234,1,228.96
15276,29,3,514.22
15277,60,1,220.44
15278,196,4,496.15999999999997
15279,15,4,1290.03
15280,123,2,293.09999999999997
15281,13,7,6211.42
15282,205,1,348.59
15283,25,3,148.33
15284,135,1,24.75
15285,42,1,94.92
15287,14,3,369.34000000000003
15288,0,6,1576.6100000000001
15289,93,2,653.3100000000001
15290,28,8,2553.06
15291,8,26,9178.26
15293,300,1,247.5
15294,45,1,233.35
15295,289,1,217.23999999999998
15296,55,6,6669.97
15298,1,12,4659.47
15299,7,6,3484.5299999999997
15301,3,6,2533.09
15302,365,1,308.0
15303,200,2,650.16
15304,3,2,225.15
15305,190,1,93.6
15306,135,6,2310.38
15309,245,4,797.96
15310,113,1,1634.64
15311,0,121,56003.26
15312,18,8,2005.3400000000001
15314,48,2,492.47999999999996
15317,312,1,129.75
15321,72,9,3961.42
15322,111,1,711.18
15323,197,3,434.6
15324,336,1,140.22000000000003
15325,30,7,1439.72
15326,244,4,1388.81
15328,42,1,107.24
15329,9,8,1934.63
15331,134,3,767.91
15332,1,6,4892.68
15336,36,1,240.5
15337,46,1,373.02
15338,312,1,283.43
15339,56,5,1253.77
15340,196,1,105.5
15341,84,1,382.2
15346,60,2,343.7
15347,1,4,1162.0
15350,8,2,547.6
15351,4,4,1778.18
15352,183,1,114.95
15353,2,6,2398.93
15354,238,3,284.4
15356,3,4,698.45
15358,0,22,8703.210000000001
15359,297,8,181.35
15361,161,3,270.15000000000003
15362,83,2,613.08
15363,7,2,678.11
15365,38,6,2242.81
15366,44,5,1786.57
15367,53,7,3203.74
15368,29,1,275.8
15369,127,11,6251.26
15370,45,1,1352.96
15371,297,1,59.400000000000006
15372,85,7,4009.66
15373,6,6,1005.48
15374,259,1,139.32
15375,325,1,60.959999999999994
15377,17,4,1211.75
15378,97,2,246.5
15379,35,1,1174.55
15380,0,7,1788.8
15381,58,3,1293.72
15382,9,6,7777.84
15384,16,2,1385.38
15385,27,2,625.2
15387,127,1,468.65
15389,35,4,2233.8
15390,31,2,1216.66
15391,219,1,289.87
15392,9,3,1376.0900000000001
15393,202,3,659.48
15394,30,7,3103.26
15396,218,1,508.20000000000005
15400,55,3,586.1
15401,87,2,216.95000000000002
15402,22,4,1203.77
15403,126,2,170.88
15404,10,1,257.06
15405,211,1,310.74
15406,88,2,465.15999999999997
15409,356,1,131.25
15410,203,2,1234.88
15413,326,5,6798.72
15416,113,3,588.5
15418,60,2,452.32
15420,69,6,743.0
15421,20,6,2854.98
15422,14,5,1522.27
15423,216,2,223.39
15424,98,1,214.44
15425,35,4,1944.57
15426,4,5,1168.0
15428,22,3,668.97
15430,102,2,954.75
15431,137,1,153.24
15432,176,1,149.57
15434,9,6,1525.5800000000002
15437,275,1,193.29000000000002
15439,39,4,1269.05
15441,31,3,1254.21
15443,109,7,1939.02
15445,225,1,171.0
15446,11,3,406.95
15447,162,4,337.71000000000004
15448,309,1,294.17
15451,69,2,233.21
15452,25,3,1260.38
15454,253,1,128.59
15455,232,1,38.25
15456,38,7,1672.05
15458,37,1,208.79999999999998
15459,52,2,202.82999999999998
15461,95,2,429.7
15462,80,1,502.45
15465,4,15,5301.03
15466,24,3,1236.48
15468,27,1,962.97
15469,73,1,335.7
15470,210,1,63.419999999999995
15471,15,2,847.0799999999999
15473,79,1,274.8
15474,230,1,163.1
15476,15,4,2209.98
15477,284,1,368.4
15478,210,1,583.56
15479,368,1,147.4
15480,100,4,5373.5
15481,36,1,1993.34
15482,21,7,3537.6
15483,20,6,628.39
15484,175,2,1061.69
15485,8,5,3196.51
15486,162,1,102.0
15487,314,1,231.32
15488,91,4,340.6
15489,35,5,1285.3300000000002
15490,65,1,217.6
15493,24,4,2313.18
15494,113,3,2480.82
15495,14,1,246.5
15496,266,1,146.14000000000001
15497,17,7,7395.19
15498,1,19,12723.18
15499,358,1,161.6
15501,39,2,402.5
15502,3,5,3608.54
15503,361,1,120.06
15504,155,3,371.02
15506,16,3,1060.77
15509,15,1,166.51
15512,25,2,210.58
15513,0,18,12992.33
15514,14,7,2459.09
15515,22,1,171.81
15518,14,7,2276.4900000000002
15519,18,2,344.61
15521,35,8,4106.49
15523,23,15,16947.98
15524,241,1,151.4
15525,8,2,469.78
15527,29,15,3145.86
15529,1,2,1116.72
15530,147,1,311.37
15532,11,6,2190.9700000000003
15534,360,1,162.25
15535,39,2,551.42
15536,44,1,259.09
15538,172,6,3358.3999999999996
15540,10,1,247.38
15542,147,3,918.45
15543,94,1,114.98
15544,7,12,4615.72
15545,6,1,135.32999999999998
15546,241,2,1079.1000000000001
15547,11,12,5199.55
15548,230,1,158.09
15549,56,5,652.7
15550,13,8,1643.17
15551,29,6,1274.02
15552,258,1,162.4
15555,0,22,7307.18
15558,274,1,214.13
15559,203,1,1109.4
15560,32,2,153.52
15561,18,4,1133.8
15562,59,2,538.83
15563,149,3,1466.56
15564,98,2,70.74000000000001
15566,27,2,227.87
15569,25,5,2210.64
15570,4,14,5145.52
15571,21,10,3401.2
15572,15,3,1515.81
15573,253,3,599.73
15574,7,3,816.4499999999999
15575,254,1,30.1
15577,358,2,139.1
15579,18,3,953.9
15580,11,8,1381.19
15581,1,26,4114.62
15583,11,1,107.86
15584,34,2,552.39
15586,227,3,1139.1
15587,27,3,608.4000000000001
15588,312,1,579.6
15590,17,5,1496.6
15591,217,3,217.9
15595,122,1,357.6
15596,0,5,1723.45
15597,210,1,238.8
15598,62,1,307.34
15599,80,1,488.32
15600,63,4,1199.31
15601,7,17,8183.56
15602,3,8,1932.64
15603,283,1,40.0
15605,8,5,738.57
15606,25,8,2310.83
15607,178,8,1604.21
15608,50,1,692.3
15611,18,13,1405.83
15613,245,1,433.71999999999997
15614,72,4,3147.36
15615,25,24,10974.23
15616,73,1,317.11
15617,31,3,828.5500000000001
15620,44,1,389.18
15622,62,8,4143.05
15623,28,7,2136.02
15625,11,5,1702.1399999999999
15626,56,1,391.72
15627,92,2,566.9
15628,1,9,2782.02
15629,85,4,2240.9
15630,279,1,295.05
15631,277,1,596.67
15633,144,13,4352.46
15634,18,1,311.1
15635,30,1,100.35
15636,72,2,719.82
15637,48,4,574.23
15638,13,6,2265.2
15639,86,2,639.76
15640,7,15,11441.92
15641,31,8,3458.35
15642,364,1,105.78000000000002
15645,49,2,443.16
15646,7,3,526.97
15647,50,1,169.0
15649,2,3,1354.35
15650,156,2,553.88
15651,55,2,612.76
15652,22,4,1082.6
15658,7,4,1399.3700000000001
15659,21,2,226.04
15660,0,7,1212.13
15661,14,6,906.15
15662,296,2,283.73
15664,84,3,867.6
15665,46,3,1773.11
15666,107,2,632.9399999999999
15670,191,1,152.15
15672,360,1,45.300000000000004
15673,86,5,3533.77
15674,52,8,4501.63
15675,39,1,218.35
15677,56,2,648.4
15678,30,2,1541.19
15680,1,8,3173.9
15681,14,9,1563.54
15682,234,2,318.24
15683,108,1,330.79
15684,182,3,173.95
15685,85,1,55.980000000000004
15686,55,1,90.0
15688,53,1,190.57
15689,252,1,266.93
15691,29,3,434.5
15693,294,1,37.5
15694,0,12,4331.41
15695,232,2,721.06
15696,58,5,1170.1100000000001
15697,324,1,246.75
15698,259,1,46.2
15702,111,2,140.39000000000001
15704,137,2,1524.3400000000001
15708,4,3,1014.48
15709,224,1,194.6
15710,52,1,898.87
15711,191,2,420.25
15712,14,7,2400.05
15713,1,3,654.09
15714,88,3,453.93
15715,190,5,658.02
15716,4,8,1938.0
15717,56,4,456.70000000000005
15718,175,1,293.79
15719,16,18,5177.45
15720,185,1,143.19
15722,80,6,3035.54
15723,46,3,744.55
15724,35,1,92.6
15726,25,1,321.91
15727,22,8,4266.55
15728,14,2,544.6
15729,35,2,107.55000000000001
15730,16,2,605.7
15731,188,1,125.3
15732,7,9,1387.95
15734,71,2,923.85
15735,56,1,327.68
15736,70,2,1815.72
15738,7,26,8560.550000000001
15741,93,2,208.62
15742,254,1,156.87
15747,10,6,1588.57
15748,84,2,465.45000000000005
15750,1,12,4331.711
15751,95,11,1380.44
15752,7,3,1570.16
15754,128,6,2579.04
15755,14,11,3628.87
15757,21,4,2225.94
15759,146,4,577.8900000000001
15760,265,2,13916.34
15761,77,1,143.05
15764,69,2,1223.1100000000001
15765,301,1,370.63
15766,91,2,516.0
15768,111,31,14979.26
15769,6,21,32451.6
15770,247,1,321.45
15771,239,3,1006.54
15772,53,1,280.88
15773,44,1,138.84
15774,53,5,1059.14
15775,266,1,45.6
15777,31,3,715.5
15778,66,1,307.95
15779,98,2,124.08000000000001
15782,65,1,1399.36
15784,102,2,848.3299999999999
15785,14,11,3640.96
15786,52,2,3582.62
15788,143,1,221.82999999999998
15789,66,5,1610.71
15791,164,3,1995.65
15792,34,2,933.84
15793,13,5,1433.96
15794,371,2,777.0
15795,65,7,1369.8600000000001
15796,9,9,2464.27
15797,216,2,613.6800000000001
15798,127,3,1535.37
15799,53,1,540.15
15800,88,5,543.5
15803,80,3,1513.84
15805,20,13,4660.75
15807,43,2,913.62
15808,4,18,14674.960000000001
15809,94,2,758.67
15810,21,4,1607.06
15811,0,2,1671.9
15812,70,7,3400.33
15814,28,2,689.11
15816,177,2,144.14999999999998
15817,55,3,2766.4
15818,223,1,340.5
15819,66,6,2029.34
15822,128,4,954.59
15823,7,3,3882.17
15824,88,2,890.94
15826,203,1,943.97
15827,7,16,1957.98
15828,10,1,1108.82
15833,372,1,80.4
15834,11,3,1539.24
15837,120,1,385.03000000000003
15838,2,16,40519.92
15841,21,5,1518.35
15842,28,2,548.8
15845,171,3,714.51
15846,20,1,107.01
15847,63,3,433.3
15848,256,1,139.94
15850,11,4,819.87
15851,161,1,109.73
15852,161,1,96.55
15854,11,9,2609.16
15855,111,1,340.48
15856,0,26,17832.77
15857,65,1,273.48
15858,2,9,2521.52
15859,67,1,438.46
15860,3,10,1528.0
15861,91,4,1236.43
15862,8,10,2095.41
15863,252,3,289.86
15864,16,1,244.44000000000003
15865,48,2,1353.79
15867,4,17,5251.31
15868,218,1,94.53
15869,261,1,174.02
15870,31,3,508.52
15871,72,1,33.099999999999994
15872,13,2,434.75
15873,134,4,313.91999999999996
15874,22,14,6878.88
15875,281,1,111.72
15876,44,2,1449.1399999999999
15878,196,2,330.77
15879,39,4,1157.3
15880,4,1,343.28000000000003
15882,3,6,979.62
15884,67,2,249.70000000000002
15885,18,12,1572.47
15886,51,3,871.78
15887,41,3,1027.15
15888,35,2,260.85
15889,4,7,1359.41
15890,29,5,535.65
15892,304,1,128.2
15893,116,1,305.28000000000003
15894,4,1,156.74
15898,2,22,4207.43
15899,3,1,56.25
15900,48,3,549.29
15901,86,4,339.34
15902,15,1,145.01
15903,13,5,3813.0800000000004
15905,178,1,114.69
15906,9,3,987.95
15908,125,2,764.57
15910,35,7,1449.6200000000001
15911,258,8,1702.34
15912,71,7,810.08
15913,169,1,6.300000000000001
15914,13,2,205.99
15915,36,1,429.21
15916,1,7,1899.08
15917,241,4,437.53000000000003
15918,266,1,248.65
15919,3,1,270.72
15920,59,5,404.14
15921,31,3,466.08
15922,8,1,369.5
15923,7,1,127.08
15924,366,1,102.82
15926,177,1,134.44
15927,282,1,123.39
15928,291,1,293.53
15929,279,1,594.0
15931,63,1,239.9
15934,52,2,2190.66
15936,14,2,282.79
15938,91,4,330.23
15939,9,1,2945.38
15941,272,1,405.0
15943,284,2,271.28999999999996
15944,28,3,1839.1399999999999
15945,0,4,646.27
15946,137,3,2304.18
15948,59,1,553.85
15950,10,6,5415.2
15951,16,1,304.95
15953,4,11,2010.1699999999998
15954,224,1,190.75
15955,7,9,4242.1
15956,186,2,617.6
15957,55,2,501.21
15958,38,3,388.64
15959,317,3,579.49
15960,9,4,410.95
15961,14,1,451.28999999999996
15962,84,1,295.83
15964,298,1,272.96000000000004
15965,2,10,2167.45
15966,85,1,426.53000000000003
15967,14,10,2622.77
15968,23,1,418.05
15969,60,2,460.95
15970,233,1,703.22
15971,20,6,1702.98
15972,91,5,1810.27
15973,1,3,680.62
15976,45,4,1315.7
15978,67,2,2180.64
15979,237,1,329.22
15980,125,4,4194.82
15981,36,13,5954.29
15982,240,1,324.51
15983,0,6,2483.8
15984,3,21,5921.65
15985,71,5,1572.8600000000001
15986,16,1,186.3
15987,3,2,230.85
15988,186,2,612.0600000000001
15989,10,2,372.51
15990,129,5,1217.94
15991,169,1,150.55
15992,31,2,854.61
15994,46,2,775.11
15995,49,1,696.19
15996,1,2,626.22
15998,28,11,5218.37
15999,370,1,20.4
16001,16,1,583.39
16002,260,1,169.21
16003,16,5,2878.46
16004,109,5,2146.39
16005,10,6,1820.83
16006,22,1,245.77
16007,18,3,1373.2
16008,17,12,4905.35
16010,11,8,1316.56
16011,1,14,2517.75
16012,36,2,1574.5
16013,6,39,20315.84
16014,43,2,467.89
16016,1,4,1025.18
16017,52,4,1341.95
16018,31,2,289.23
16019,16,18,13679.61
16021,30,2,532.25
16024,46,2,232.96
16027,92,9,1113.74
16028,230,1,82.2
16029,7,47,41184.3
16032,91,6,1970.45
16033,4,8,2019.73
16034,29,3,491.02
16035,195,1,217.73
16036,59,2,1797.92
16037,179,2,654.32
16039,58,2,456.4
16040,65,4,1103.35
16042,14,3,1067.85
16043,14,4,1082.6000000000001
16044,70,1,340.84000000000003
16045,51,4,2094.23
16046,197,1,235.78
16047,317,1,107.14
16048,8,4,818.7900000000001
16049,10,3,787.89
16050,18,2,162.8
16051,316,1,188.44
16053,48,4,2122.89
16054,53,3,1327.98
16057,154,3,1591.73
16058,41,1,62.7
16059,2,7,1757.91
16060,35,3,541.95
16061,66,1,89.65
16062,14,4,1709.83
16064,360,1,111.0
16065,0,8,2010.53
16067,197,3,3395.29
16068,228,1,122.93
16069,52,1,457.7
16071,162,3,750.5600000000001
16072,63,3,3744.57
16074,25,1,265.25
16075,137,2,736.9300000000001
16077,260,1,2300.4
16078,304,1,283.79
16080,20,2,385.40000000000003
16081,1,4,1653.28
16082,305,1,106.75
16083,17,2,1033.8
16085,15,7,1362.02
16086,2,6,1743.6
16087,24,5,1739.92
16088,210,2,1437.43
16089,21,2,271.44
16090,259,1,205.91
16092,139,3,770.08
16094,10,7,2617.33
16095,91,1,447.05
16096,51,3,1264.3500000000001
16098,8,8,2442.47
16099,52,4,841.3
16100,97,1,582.64
16101,69,3,1938.46
16103,24,16,4762.07
16104,53,8,2476.25
16105,73,4,2049.23
16108,69,3,1393.42
16109,333,1,327.6
16110,157,1,481.79
16111,63,1,562.48
16115,32,4,907.17
16117,37,2,422.19
16118,287,1,4376.25
16119,29,6,1297.45
16120,57,2,1747.77
16121,25,3,609.98
16122,1,3,316.92
16124,53,3,1523.49
16125,2,14,4298.3
16126,14,11,8359.03
16127,361,1,145.06
16128,15,6,1920.83
16129,42,3,1396.05
16130,57,4,987.48
16131,10,6,6450.88
16132,179,2,664.1999999999999
16133,11,23,8403.22
16134,58,3,1527.25
16135,218,1,301.9
16136,298,1,237.42
16137,315,1,422.7
16138,13,3,910.35
16139,357,2,475.74
16140,6,2,832.4200000000001
16141,52,1,335.54
16143,4,7,2485.89
16145,23,8,3005.9500000000003
16146,83,1,212.25
16147,35,4,2023.91
16148,71,1,310.3
16149,64,1,141.70000000000002
16150,7,6,2342.57
16153,55,6,3309.2599999999998
16155,16,5,796.9
16156,17,11,3096.14
16158,157,9,628.32
16159,105,3,884.59
16161,3,25,7256.24
16163,0,5,1992.98
16165,140,1,79.9
16166,63,2,435.83
16167,49,5,1386.1200000000001
16168,4,40,6848.87
16170,30,14,4983.95
16172,108,3,744.34
16174,126,4,1237.2
16175,106,3,798.85
16176,56,4,2052.69
16177,71,7,1915.36
16178,36,1,414.7
16180,113,5,5995.69
16182,73,5,3354.0
16183,29,3,739.1
16185,199,1,115.31
16186,7,15,5019.17
16188,43,1,105.80000000000001
16190,29,7,2508.4700000000003
16191,10,11,10507.5
16192,370,1,351.3
16193,45,1,315.98
16194,10,1,308.59999999999997
16195,358,1,323.25
16196,123,1,93.3
16197,104,9,2016.71
16198,72,1,629.36
16199,27,7,942.75
16200,17,10,4562.83
16201,50,1,248.65
16202,52,8,2136.72
16203,7,3,521.64
16204,15,2,538.53
16205,31,3,1069.23
16206,22,9,2065.26
16208,29,8,2776.19
16209,17,4,1884.16
16210,3,19,17403.21
16211,56,2,543.5699999999999
16212,253,2,603.37
16214,70,1,975.5
16218,8,7,1355.29
16219,135,1,40.8
16221,2,7,1370.65
16222,356,1,498.5
16223,9,2,1102.3500000000001
16224,22,1,321.24
16225,37,10,1771.0900000000001
16226,13,2,417.05
16227,129,2,713.0
16228,20,3,890.8100000000001
16229,16,4,1857.26
16231,14,4,1078.22
16232,55,3,1722.09
16233,1,7,1429.03
16234,111,3,333.18
16235,10,4,1186.4
16237,72,1,136.65
16238,57,1,63.66
16239,17,4,1078.0
16241,4,4,1721.44
16242,16,7,3871.19
16244,7,1,1056.63
16246,94,2,827.25
16250,8,2,401.94
16251,147,1,128.31
16252,17,1,295.09000000000003
16253,55,5,3626.29
16254,13,3,985.14
16255,0,8,2286.89
16256,128,2,876.9399999999999
16258,22,10,6739.01
16259,45,3,361.94
16261,21,2,312.62
16262,13,1,755.15
16263,58,1,351.01
16264,73,2,837.53
16265,21,3,1488.17
16266,58,7,896.06
16267,226,1,186.66
16269,72,1,717.57
16271,92,5,2033.78
16273,283,2,336.03999999999996
16274,8,1,357.95
16275,109,2,1591.24
16276,114,2,1818.79
16277,368,1,188.69
16278,115,2,551.46
16279,20,6,4195.5
16280,360,1,238.05
16281,58,2,1361.96
16282,122,2,1139.28
16283,53,3,2833.01
16284,28,1,205.8
16285,281,1,176.9
16286,112,2,328.95
16287,11,4,864.48
16288,105,1,129.85
16289,97,1,136.31
16290,99,4,2069.3
16291,317,1,117.72
16292,15,4,951.51
16293,2,6,2408.96
16294,111,1,126.05000000000001
16296,261,4,1313.67
16298,32,4,487.5
16299,112,1,193.65
16300,65,3,1392.43
16301,371,1,107.33
16303,27,4,2567.64
16304,329,1,381.66
16306,2,2,560.55
16307,64,3,1194.92
16308,41,3,2560.0
16310,49,2,460.08
16312,67,1,171.15
16314,24,3,1491.4
16315,171,1,176.34
16316,15,5,2806.0
16317,185,2,850.86
16320,88,4,4590.53
16321,261,2,230.9
16323,212,1,146.16
16325,59,9,3003.26
16326,18,10,1716.03
16327,4,11,6887.12
16328,198,1,310.83
16329,62,4,1703.07
16330,59,4,382.42
16331,67,6,2037.7
16332,66,4,417.21000000000004
16334,127,1,277.48
16335,186,7,2774.0
16336,55,4,3517.69
16340,74,2,976.99
16341,72,3,1878.92
16343,42,1,316.59
16344,144,3,741.3199999999999
16345,118,1,623.33
16346,20,1,224.51
16347,23,9,2621.76
16348,65,1,328.77
16350,9,5,1137.42
16351,46,12,3176.13
16353,4,16,3323.75
16354,14,3,733.71
16355,10,1,416.35
16356,11,3,204.10000000000002
16357,16,1,209.49
16358,29,1,892.1500000000001
16359,11,7,946.83
16362,72,1,212.17
16365,2,7,1766.78
16366,217,3,1220.83
16367,18,1,557.91
16368,70,1,142.78
16369,71,4,1111.15
16371,83,1,157.2
16372,44,3,960.68
16373,17,2,309.49
16374,37,3,1298.42
16375,105,2,104.0
16377,252,1,632.28
16381,30,2,258.7
16382,43,2,353.1
16383,31,5,2306.48
16384,64,2,774.4499999999999
16385,1,3,474.72
16386,22,1,785.39
16387,30,4,824.19
16388,288,1,186.05
16390,171,3,467.5
16391,35,4,1103.61
16392,48,2,541.86
16393,4,11,2515.45
16395,28,9,2050.95
16396,111,1,137.8
16397,263,1,127.88
16399,24,1,233.25
16400,30,8,2855.5099999999998
16401,14,11,2750.83
16402,4,1,211.8
16406,85,2,389.61
16407,24,4,694.72
16408,226,1,231.93
16409,15,7,3680.16
16410,369,1,130.32
16411,4,3,695.54
16412,28,4,495.4
16413,10,1,266.78000000000003
16414,66,3,433.46000000000004
16415,218,2,509.09000000000003
16416,25,6,1921.48
16417,127,1,35.7
16418,43,2,426.67
16419,212,2,515.1899999999999
16420,31,1,75.0
16421,11,3,526.27
16422,4,59,28967.07
16424,17,1,309.5
16428,48,3,660.28
16430,16,6,817.09
16433,43,1,200.26
16434,81,5,1219.49
16435,147,3,1011.5699999999999
16436,303,3,329.34
16437,16,2,301.25
16439,357,1,310.70000000000005
16440,128,1,216.3
16441,52,3,653.23
16442,239,2,282.68
16443,155,1,162.24
16444,25,13,3001.91
16445,21,3,372.22
16447,225,2,516.13
16448,106,1,178.98000000000002
16450,219,2,1193.81
16451,196,2,746.1800000000001
16452,265,2,332.17
16453,165,2,251.71
16454,241,2,24.05
16455,6,6,2543.19
16456,8,9,4704.54
16458,10,12,2232.6
16459,364,1,71.78999999999999
16461,225,2,1463.8
16465,55,2,746.24
16466,18,8,2235.13
16467,143,7,2869.16
16468,105,2,712.62
16469,149,1,178.48000000000002
16470,31,7,1696.21
16471,28,3,966.03
16472,69,2,789.6
16473,9,1,154.72
16476,66,1,350.35
16477,6,5,1825.56
16481,317,1,453.38
16485,67,4,1931.03
16486,172,1,134.36
16487,212,2,209.4
16489,15,2,303.7
16490,71,1,205.41000000000003
16491,48,1,801.66
16492,175,1,385.56
16493,79,3,780.46
16496,66,3,731.25
16497,48,17,3729.59
16499,9,6,2212.89
16500,9,3,443.05
16501,18,1,1237.23
16502,255,2,266.5
16503,30,7,2182.41
16507,207,1,152.76
16508,265,1,248.8
16510,7,6,1851.8999999999999
16511,32,3,868.76
16515,14,5,1589.17
16518,56,2,475.05
16519,0,3,341.18
16520,0,4,1436.05
16521,50,3,1148.01
16522,70,2,433.36
16523,50,7,2497.86
16524,81,2,308.14
16525,1,23,11555.19
16526,219,1,426.85
16527,59,1,1044.38
16529,112,3,1556.75
16530,303,1,48.349999999999994
16531,16,4,1053.74
16532,66,2,2007.84
16534,277,1,635.9
16535,20,2,407.84
16537,276,1,23.35
16538,176,3,399.62
16539,8,7,2343.2
16540,49,1,226.70000000000002
16541,370,1,424.03
16542,36,1,137.7
16543,226,1,292.21
16544,154,4,376.70000000000005
16545,10,1,350.52
16546,7,4,4819.32
16547,181,1,111.71
16548,234,1,30.15
16549,32,24,9027.55
16550,3,14,7136.16
16551,58,4,1315.0
16552,8,1,95.29
16553,31,21,10924.19
16554,21,5,2004.6200000000001
16555,140,4,1629.79
16556,10,10,4698.79
16558,1,19,5535.02
16559,32,1,185.20000000000002
16560,32,6,2206.9700000000003
16562,111,1,223.85999999999999
16563,35,5,3345.02
16564,204,1,87.8
16565,41,3,599.35
16568,62,2,1020.9000000000001
16569,266,4,1331.03
16570,14,10,3695.91
16571,30,7,2827.05
16574,58,2,850.34
16576,55,2,540.87
16577,301,1,380.0
16578,261,1,156.6
16579,60,1,295.05
16583,8,2,297.95
16584,67,3,2227.59
16585,228,2,341.59
16586,79,2,998.83
16588,21,4,1361.28
16589,85,1,153.12
16590,35,2,605.9
16592,10,12,3694.23
16593,25,5,741.11
16595,11,4,1450.02
16596,1,3,329.48
16599,20,1,172.8
16600,9,7,1339.89
16601,25,2,439.45
16602,23,1,235.25
16604,197,2,432.45
16605,359,1,60.48
16606,39,2,357.66
16607,34,11,2359.16
16608,88,2,1288.72
16611,38,5,1655.64
16612,14,5,2057.77
16614,37,2,673.6
16615,261,1,291.5
16619,18,3,1712.1200000000001
16620,24,4,1579.97
16622,178,1,225.4
16623,36,3,885.79
16625,57,4,1320.95
16628,42,2,130.05
16630,42,1,106.80000000000001
16631,116,7,1892.52
16632,120,2,406.4
16634,7,5,1596.71
16635,41,1,473.0
16636,73,4,3802.04
16638,3,6,749.8100000000001
16639,44,1,490.47
16640,32,1,179.4
16641,336,1,323.40000000000003
16642,50,1,389.12
16643,57,1,435.6
16645,370,1,160.39
16646,84,1,678.8
16647,77,2,327.84
16648,90,2,382.14
16649,155,1,306.58000000000004
16650,55,6,1397.69
16651,221,1,136.2
16652,39,9,10776.42
16654,3,5,1110.2
16655,46,7,2753.85
16656,55,15,8207.37
16658,3,6,690.83
16660,57,3,611.9000000000001
16661,175,4,986.63
16662,29,1,163.8
16663,364,1,165.0
16664,204,1,109.2
16666,256,1,106.96000000000001
16668,22,7,555.7
16670,28,9,3934.25
16673,314,1,188.83
16675,76,2,608.86
16676,37,2,769.78
16677,46,2,880.62
16679,1,3,663.31
16680,163,2,637.75
16681,276,1,151.5
16683,168,1,320.25
16684,14,27,80489.21
16686,24,9,2008.09
16687,25,1,157.63
16690,28,2,127.45
16691,53,2,178.83
16692,43,2,638.6999999999999
16693,46,3,717.45
16694,358,1,98.30000000000001
16695,196,2,193.15
16699,15,7,994.6
16700,1,13,4091.16
16701,58,13,4518.43
16702,50,4,1110.83
16704,253,2,695.66
16705,35,22,29480.061
16707,35,4,551.11
16709,14,9,6057.59
16710,3,13,3866.05
16711,14,4,1217.45
16712,36,2,621.5600000000001
16713,1,18,7637.56
16714,305,1,368.27
16715,197,1,323.8
16716,265,1,1248.48
16717,1,9,3127.85
16718,4,5,3023.78
16719,3,8,2182.88
16720,11,2,640.24
16722,1,11,4258.2699999999995
16723,78,2,712.48
16724,39,1,147.35
16725,6,8,1101.09
16726,18,2,706.39
16727,27,3,1164.6
16731,283,1,174.05
16732,38,3,3783.89
16733,164,1,259.68
16735,28,9,3970.0
16736,140,5,2956.56
16737,212,1,417.59999999999997
16739,171,1,463.43
16740,30,1,236.81
16741,260,1,173.06
16742,127,13,2387.71
16743,91,7,2015.17
16746,18,24,11368.74
16748,23,9,2121.43
16749,226,2,4387.08
16752,7,1,207.5
16754,7,29,65500.07
16755,102,4,1403.75
16756,39,6,1072.97
16757,44,1,163.65
16760,65,1,228.0
16763,373,1,352.85
16765,17,1,420.75
16767,53,4,2493.2
16768,18,6,1230.03
16769,113,3,761.36
16770,7,5,1162.03
16771,92,5,1720.79
16772,58,3,3723.5499999999997
16773,71,2,249.65
16774,58,4,932.93
16775,2,6,1361.23
16776,50,1,231.57
16777,48,3,1081.41
16779,1,32,22638.52
16780,42,1,180.36
16781,7,2,623.0
16782,0,26,8158.51
16783,71,1,391.95
16784,11,4,788.93
16785,44,1,533.78
16786,28,1,51.839999999999996
16787,32,4,1035.43
16788,39,3,1352.82
16791,18,8,2316.91
16792,18,3,513.08
16794,15,5,868.1999999999999
16795,0,3,2077.51
16797,28,5,1827.77
16798,189,3,848.71
16799,67,2,495.98
16802,314,2,582.61
16805,212,3,636.65
16807,105,3,1002.29
16809,67,4,812.74
16810,55,1,532.5
16812,13,3,1912.65
16814,4,16,5990.61
16815,88,2,410.97
16817,3,5,1200.15
16819,100,2,182.59
16821,16,1,113.35
16822,321,1,181.39
16823,22,6,1901.71
16824,28,1,225.6
16825,13,3,1051.71
16827,28,5,392.13
16829,23,1,316.1
16830,77,3,881.59
16831,199,1,91.8
16832,63,2,218.45999999999998
16833,74,2,1302.51
16834,309,1,485.5
16835,8,5,1357.56
16836,41,2,530.5
16838,165,2,570.76
16839,4,11,5716.14
16840,238,2,139.85
16841,63,6,2136.2400000000002
16843,57,19,9374.86
16844,197,2,614.34
16845,253,1,253.88
16846,212,2,628.09
16847,253,1,421.45000000000005
16848,11,3,1130.2
16854,52,2,1408.96
16856,52,2,323.09000000000003
16857,77,1,352.8
16858,3,10,4292.59
16859,51,5,1184.6
16860,87,3,1610.62
16861,25,3,772.83
16862,182,4,662.33
16863,1,2,495.72
16864,69,2,409.25
16865,36,1,130.95
16867,324,1,76.74000000000001
16868,29,3,393.39
16870,104,1,450.15999999999997
16872,62,3,533.11
16873,64,6,7493.77
16874,14,1,217.74
16875,72,6,2139.0
16876,38,1,136.01
16880,128,1,321.78
16883,6,18,2119.86
16884,191,2,644.08
16885,20,1,239.23000000000002
16886,91,1,134.0
16887,35,2,465.84000000000003
16888,35,3,437.15
16889,32,3,952.23
16890,111,3,285.41
16891,6,7,1247.1200000000001
16892,189,2,236.56
16893,1,2,255.84
16894,137,3,1324.06
16895,73,4,902.28
16896,190,1,103.95
16898,3,3,507.56
16899,13,2,439.46000000000004
16901,364,1,204.26
16903,15,2,689.04
16904,2,7,1378.1
16905,6,11,1931.72
16906,63,3,869.03
16907,0,5,726.25
16908,357,1,252.59
16911,270,2,255.25
16912,56,4,1904.93
16913,286,2,310.46999999999997
16915,21,5,921.5
16916,7,3,547.14
16917,267,1,1466.31
16918,57,10,2144.47
16919,3,14,2529.46
16920,46,1,355.45
16921,77,2,276.88
16922,207,1,611.08
16923,10,13,6130.75
16925,175,1,125.65
16926,6,5,1191.1
16928,8,13,1265.63
16931,4,3,629.4
16932,58,2,278.77
16933,24,7,2618.02
16934,18,4,1160.06
16935,16,3,535.1
16936,20,1,288.49
16937,134,1,202.1
16938,16,5,4306.8
16939,123,3,449.0
16940,85,5,3377.78
16941,246,1,33.0
16943,174,2,482.76
16944,244,1,101.36
16945,28,14,4202.66
16946,18,5,1222.04
16947,97,4,548.73
16948,64,4,433.75
16950,2,8,2605.81
16952,76,3,631.17
16954,14,11,3996.7999999999997
16955,3,4,790.74
16958,70,1,809.44
16960,25,5,1536.38
16961,23,2,560.39
16962,44,1,251.04
16964,368,2,207.85
16970,261,1,71.4
16972,17,2,786.25
16973,21,1,127.0
16974,157,2,365.5
16975,58,3,926.12
16977,30,4,496.0
16978,301,2,424.55
16979,18,3,1007.74
16980,63,1,394.37
16983,4,5,1778.97
16984,39,7,6273.45
16985,11,13,5459.04
16986,80,9,3015.55
16987,11,4,910.85
16988,14,1,256.55
16990,57,1,165.0
16991,56,1,1041.21
16992,22,8,3862.19
16993,98,2,1950.9499999999998
16996,17,3,666.6500000000001
16998,79,1,107.0
17000,31,2,406.3
17001,11,8,2651.23
17002,78,4,1077.82
17003,37,4,830.16
17004,27,2,1012.22
17005,105,2,742.36
17006,27,4,854.54
17007,72,1,230.17000000000002
17008,64,1,81.36
17009,186,1,242.06
17011,282,2,400.8
17012,360,1,384.16
17016,211,1,552.4
17017,0,13,5416.349999999999
17018,22,4,1367.6
17019,3,8,2739.59
17020,177,2,935.62
17021,77,6,1182.22
17022,67,1,189.0
17023,52,3,800.18
17025,8,4,1152.87
17026,4,2,54.15
17027,81,3,436.82
17028,216,3,1593.83
17029,17,5,1421.3
17031,13,4,2393.5
17032,182,8,3004.6
17033,32,1,302.65000000000003
17034,44,2,538.4
17035,226,2,180.06
17036,18,1,176.9
17038,50,1,630.77
17039,239,1,1954.99
17040,185,1,13.52
17041,32,3,604.71
17043,10,4,881.37
17044,9,11,11013.82
17045,11,2,488.24
17046,79,4,1264.05
17047,66,3,1188.33
17048,72,4,1146.33
17049,10,10,4287.5
17050,10,5,1462.95
17051,81,3,467.25
17055,80,1,239.55
17056,373,1,128.60000000000002
17057,231,1,294.74
17059,4,5,2507.4900000000002
17062,0,4,669.85
17063,42,6,2177.39
17065,272,2,194.7
17066,361,1,228.34
17067,359,3,454.54
17068,3,27,4608.94
17069,8,6,3084.58
17070,45,1,133.18
17071,16,4,1372.17
17072,260,1,282.05
17074,197,1,203.05
17075,64,6,1407.61
17076,27,3,401.66999999999996
17077,213,1,306.0
17080,14,5,669.91
17081,30,4,674.23
17082,29,4,2728.18
17083,44,6,2644.01
17084,31,1,2253.22
17085,11,23,6324.76
17087,372,1,221.53
17089,21,1,128.45
17090,9,6,1105.53
17091,2,11,3983.34
17092,72,7,3817.18
17093,227,1,235.88
17094,58,1,100.2
17095,65,4,1248.09
17096,18,7,2737.05
17097,0,2,386.03
17098,16,3,591.0699999999999
17099,168,1,582.17
17101,29,3,885.3199999999999
17103,357,1,424.3
17104,58,1,474.03
17106,24,1,491.23
17107,32,4,5259.99
17108,298,1,174.95
17109,41,2,410.42
17110,155,2,347.4
17111,60,1,227.97
17112,137,1,205.17
17113,209,6,2322.59
17115,183,4,1923.99
17116,283,1,389.78
17121,37,1,314.74
17122,23,3,432.18
17123,74,2,631.87
17126,16,4,1065.69
17127,63,5,1155.0300000000002
17129,155,1,31.85
17132,87,2,1272.8
17133,109,5,9730.09
17134,77,1,212.1
17135,6,4,814.43
17136,297,1,231.68
17137,51,6,1133.63
17138,24,6,4036.77
17139,24,13,8915.99
17141,53,4,754.33
17142,39,3,704.75
17143,52,2,924.11
17145,147,4,3120.91
17146,70,10,5110.46
17147,87,5,1485.36
17149,86,1,143.10000000000002
17150,11,6,1375.65
17151,370,1,231.90000000000003
17152,60,1,327.0
17155,162,5,640.76
17156,126,1,591.87
17157,115,17,4832.9
17158,182,2,713.03
17159,112,2,560.71
17160,9,11,6691.13
17161,79,1,856.01
17163,80,2,406.68
17165,16,5,1635.64
17167,14,3,867.11
17168,133,1,400.2
17169,213,1,320.95
17170,9,2,178.68
17171,296,1,159.68
17172,65,2,638.81
17176,161,2,596.1899999999999
17177,140,1,119.5
17178,366,1,436.71
17179,17,3,795.47
17180,57,7,1460.95
17181,8,2,225.45000000000002
17182,57,2,321.3
17184,204,2,198.41000000000003
17185,226,3,229.46
17187,161,1,263.76
17188,81,6,2118.7000000000003
17189,195,3,573.23
17190,38,5,1298.3
17191,3,11,2740.92
17192,171,1,77.83
17193,21,2,610.74
17194,165,1,549.88
17195,290,1,562.98
17196,62,1,352.9
17198,0,2,521.66
17199,217,1,145.12
17200,22,4,356.71
17201,158,3,899.41
17202,55,1,160.65
17203,23,4,2012.03
17204,9,5,3940.13
17205,51,2,615.27
17207,287,1,303.21999999999997
17208,30,1,115.35
17209,284,3,611.6
17210,27,1,253.37
17211,4,6,1729.43
17212,93,2,567.5600000000001
17213,1,7,2401.07
17215,99,1,186.15
17216,189,1,65.05
17217,254,1,104.5
17218,3,9,2231.96
17219,51,1,144.9
17220,52,7,1283.5
17221,226,3,643.39
17222,112,5,1250.86
17223,3,2,446.74
17224,136,1,100.86
17225,216,1,131.15
17226,79,2,506.63
17227,3,7,1082.71
17228,2,7,1271.1499999999999
17230,198,10,6286.54
17231,24,15,4022.72
17233,83,2,369.98
17235,7,7,1354.82
17236,45,6,1013.13
17237,10,2,687.39
17238,6,17,4038.45
17239,22,3,806.95
17240,231,1,130.6
17241,20,12,2744.14
17242,91,3,1754.24
17243,4,44,12213.01
17244,18,4,871.14
17245,324,1,200.18
17246,181,2,38.92
17248,116,1,227.51
17249,63,1,68.03
17251,17,2,529.15
17254,36,1,198.29
17255,25,2,500.72
17256,116,3,258.93
17257,71,2,192.73
17258,31,2,417.3
17259,3,5,1285.97
17260,46,1,120.95
17261,144,1,230.44
17262,1,7,1504.26
17264,59,1,279.59
17266,134,2,207.09
17268,80,7,970.25
17269,20,1,537.46
17270,104,2,604.4
17271,371,1,210.39
17273,59,1,141.12
17274,30,1,465.4
17275,18,1,114.52
17276,37,1,508.39
17278,200,1,25.2
17280,73,1,118.85999999999999
17281,9,6,797.8499999999999
17282,91,2,636.25
17283,13,1,188.46
17284,24,2,1140.58
17285,263,2,428.34
17286,35,2,241.56
17287,2,16,3047.85
17288,25,4,1080.25
17289,11,6,1134.98
17290,16,6,976.2
17292,107,2,271.75
17293,29,8,1899.1200000000001
17294,304,2,467.78999999999996
17296,365,1,338.13
17298,9,3,459.14
17299,74,2,346.97
17300,25,2,393.64
17301,259,1,132.8
17304,169,1,111.5
17305,283,1,2135.46
17306,28,2,1151.04
17307,30,11,3999.8900000000003
17308,28,2,4511.76
17309,16,2,247.84
17310,22,2,1025.1
17311,27,4,2181.71
17314,28,9,2376.51
17315,10,5,3358.34
17316,55,1,124.45
17318,360,1,164.28
17319,304,1,29.1
17320,3,4,1695.15
17321,29,4,1040.32
17322,11,5,922.59
17323,42,5,644.52
17324,1,9,1311.64
17325,45,2,512.77
17326,43,2,321.95
17327,44,2,152.35
17328,308,1,104.7
17329,366,3,481.32
17330,179,2,59.900000000000006
17332,163,5,838.27
17334,41,1,328.13
17335,18,2,508.0
17336,107,1,81.12
17338,10,9,5498.64
17339,0,2,119.0
17340,1,8,10051.53
17341,1,3,1108.47
17342,14,4,1227.54
17343,11,5,1066.3
17344,363,1,307.54
17345,10,6,1066.94
17346,8,12,2646.44
17348,72,4,1316.8899999999999
17349,15,4,741.5
17350,29,3,619.971
17351,62,9,1401.08
17352,331,1,36.25
17353,126,2,1502.0
17354,63,3,1750.3999999999999
17355,21,1,285.11
17356,189,4,768.25
17358,11,3,500.2
17359,283,1,156.6
17360,20,3,645.59
17361,311,2,392.44
17362,35,5,711.8100000000001
17363,30,3,940.86
17364,11,17,7589.24
17365,21,7,3423.42
17366,67,2,1096.24
17368,10,6,913.47
17369,90,1,979.1999999999999
17371,258,3,238.66
17372,16,20,3034.88
17373,53,3,520.58
17374,30,1,231.34
17375,66,1,260.45
17376,39,2,250.44
17377,0,60,14218.49
17378,9,1,10.95
17380,69,3,645.0
17381,3,12,19726.76
17382,70,7,836.88
17383,88,1,110.69999999999999
17384,102,1,171.15
17386,20,1,126.35000000000001
17388,55,7,1432.01
17389,9,27,25391.0
17390,55,1,149.3
17392,85,1,168.65
17393,45,2,381.15
17395,143,1,97.5
17396,6,7,1476.3
17397,51,1,536.77
17400,216,3,2547.09
17401,176,1,114.85
17402,4,12,2462.33
17403,85,1,118.95
17404,44,8,15874.3
17406,1,11,2704.63
17407,46,1,552.9
17408,135,2,283.44000000000005
17409,56,8,7021.66
17411,21,2,646.44
17412,7,10,3159.46
17413,39,2,560.14
17414,58,4,1471.52
17416,28,15,10405.03
17417,183,1,164.18
17418,22,1,206.60000000000002
17419,2,8,2273.95
17420,8,4,485.6
17421,21,3,1059.41
17422,16,5,1615.39
17423,28,1,420.54
17426,87,7,3040.51
17428,3,18,14562.91
17429,31,2,832.54
17430,0,3,469.40999999999997
17432,20,7,1385.6299999999999
17433,20,1,266.8
17435,46,1,331.35
17436,43,3,317.76
17437,164,1,373.17
17438,79,4,1034.32
17439,290,1,325.74
17440,184,1,137.16
17441,367,1,293.35
17442,16,9,2371.74
17448,132,46,14556.97
17449,22,6,2430.29
17450,2,7,52422.3
17454,97,6,1030.41
17456,0,2,975.5600000000001
17457,14,9,4247.11
17458,16,1,213.08
17460,7,12,1605.8400000000001
17463,195,2,661.5
17464,157,2,710.98
17465,60,7,2542.79
17467,30,1,102.6
17468,10,1,57.8
17469,35,12,3180.28
17470,2,7,1679.8
17471,109,1,321.65000000000003
17472,263,1,224.81
17473,43,2,607.0
17474,234,1,1047.0
17476,30,2,489.86
17477,247,2,1144.3
17478,43,2,1272.8
17479,267,1,389.26000000000005
17480,79,1,390.21
17482,122,2,778.19
17483,49,1,177.69
17484,211,2,209.57
17487,363,1,160.55
17488,276,1,336.5
17490,23,2,658.18
17491,2,8,2422.2000000000003
17492,113,2,747.85
17493,20,1,100.91000000000001
17494,136,1,54.699999999999996
17495,25,1,309.16
17496,198,3,1141.84
17497,25,2,287.25
17499,196,1,718.51
17504,15,9,6568.09
17505,185,3,1289.64
17508,16,7,4191.92
17510,55,1,206.07999999999998
17511,2,31,84541.17
17512,87,8,2542.83
17513,43,2,645.6
17514,304,1,334.18
17515,29,5,978.4399999999999
17516,13,1,189.47
17518,60,2,329.42
17519,3,10,3265.45
17521,29,2,554.85
17524,73,2,394.14
17525,32,2,739.2
17526,0,9,2970.14
17529,245,2,1240.25
17530,0,3,756.51
17531,162,2,970.12
17532,20,1,65.34
17533,69,1,34.8
17534,86,4,1445.47
17536,55,2,288.33
17539,252,4,1226.57
17540,18,4,1011.7
17541,144,1,124.46
17542,276,2,170.95
17543,184,1,120.05
17544,25,3,960.69
17545,25,3,802.58
17547,10,2,727.85
17548,13,3,627.96
17550,32,6,2280.48
17552,7,10,2154.88
17553,107,3,2270.0
17555,60,3,574.48
17556,14,1,142.77
17557,367,1,34.0
17558,28,1,259.17
17559,147,1,167.62
17560,30,4,1040.85
17561,25,3,554.72
17563,213,2,392.38
17565,221,1,131.83
17567,7,2,1024.55
17568,268,1,382.79
17570,16,1,100.0
17571,177,1,205.23999999999998
17572,8,7,496.26000000000005
17575,302,1,171.7
17576,0,23,5434.13
17577,280,2,348.75
17578,109,6,903.87
17579,213,1,304.38
17580,11,2,329.55
17581,7,20,7712.71
17582,81,4,1275.43
17583,195,1,135.95
17584,102,4,4067.12
17585,80,3,960.23
17586,254,1,167.4
17587,263,1,181.66
17588,31,4,1699.35
17589,20,14,11645.7
17591,2,2,550.7
17592,373,1,148.3
17593,44,6,4168.46
17594,84,2,1504.7
17596,3,7,2092.74
17597,53,4,1439.72
17598,16,1,409.98
17599,112,1,52.05
17601,15,1,305.46999999999997
17602,107,8,2348.16
17603,252,3,1398.76
17604,57,4,636.57
17605,225,1,160.75
17606,372,1,87.30000000000001
17607,11,1,333.81
17608,84,2,305.11
17609,37,6,782.12
17610,175,5,1529.49
17611,56,13,4387.76
17612,14,12,3346.41
17615,22,3,403.6
17616,2,2,489.59999999999997
17617,193,1,395.33
17618,18,8,3101.66
17621,39,3,1795.22
17622,232,2,1130.21
17623,44,6,1856.6200000000001
17624,72,2,725.15
17625,81,4,4020.8
17626,237,1,254.0
17627,113,1,296.36
17629,23,2,641.4
17631,9,4,470.16
17633,14,3,732.55
17635,59,3,1265.58
17638,282,2,842.4
17639,22,5,506.67
17640,14,5,2547.28
17642,64,3,1112.2
17643,8,2,439.7
17644,29,9,3132.96
17646,0,10,3141.4
17647,304,2,198.6
17648,20,1,418.87
17649,104,2,710.4
17651,133,6,1758.52
17655,1,3,1013.54
17657,65,1,126.0
17659,7,3,835.33
17660,372,1,163.47
17662,296,2,412.92
17663,52,10,3372.92
17664,109,2,561.59
17665,128,1,563.1
17666,112,3,1319.6399999999999
17667,70,4,1895.19
17669,97,3,2735.63
17671,0,2,830.63
17672,52,5,2600.46
17673,10,7,2604.46
17674,3,1,300.66
17675,2,40,17885.32
17676,1,5,1378.16
17677,1,28,20329.68
17678,238,1,301.65
17679,156,5,1585.5
17680,18,2,313.05
17681,232,5,731.2
17682,3,6,1982.45
17683,20,3,819.01
17685,7,6,2751.64
17686,58,2,2557.35
17687,55,1,432.68
17688,28,1,304.2
17689,23,2,317.08
17690,1,8,2690.15
17691,3,3,489.65000000000003
17692,31,8,2234.86
17694,146,2,1412.85
17695,29,3,980.7
17696,17,19,5393.88
17699,111,2,442.0
17700,16,10,4145.33
17702,18,2,1319.67
17703,53,1,296.1
17705,90,2,260.38
17706,1,17,10245.49
17707,11,6,456.90000000000003
17708,37,2,620.85
17709,105,4,533.56
17710,58,1,293.5
17713,17,4,1198.09
17714,59,4,1257.18
17715,227,1,163.2
17716,31,13,10300.98
17717,56,1,376.92
17718,279,1,299.83
17720,2,7,1572.97
17721,294,1,307.21000000000004
17722,1,2,2006.32
17723,10,1,102.0
17726,30,7,1092.06
17728,39,2,1362.75
17729,231,1,438.65000000000003
17730,17,7,2475.32
17731,256,2,468.88
17732,7,8,2166.42
17734,160,3,741.69
17735,2,8,4134.91
17738,30,9,2304.51
17739,9,11,4939.24
17740,24,6,426.9
17741,41,2,101.1
17742,63,9,1743.3700000000001
17743,83,1,229.2
17744,15,1,326.74
17745,112,2,600.34
17746,106,3,793.9300000000001
17748,162,1,358.15
17749,181,1,351.66
17751,56,1,157.85999999999999
17753,99,4,390.56
17754,9,8,2805.27
17756,10,3,733.7
17757,3,28,3817.16
17758,62,4,1555.83
17759,28,2,441.92
17760,8,5,631.34
17762,91,1,129.75
17763,288,3,71.15
17764,37,3,804.82
17765,83,1,158.92
17766,16,2,299.61
17767,45,1,141.85
17768,22,4,1236.33
17769,18,7,3105.1
17771,71,2,141.6
17772,27,1,202.0
17773,149,2,585.27
17774,32,5,2102.64
17776,21,2,338.56
17778,296,1,197.70000000000002
17780,302,3,352.91
17782,17,2,679.02
17783,147,1,96.44
17784,185,1,112.86
17785,80,2,271.44
17787,6,1,736.28
17789,296,1,171.25
17790,13,6,818.06
17792,102,2,370.05
17794,321,2,147.3
17796,4,4,664.09
17797,30,5,1205.44
17798,216,1,183.09
17799,24,10,3285.96
17801,86,3,798.3299999999999
17802,7,8,3768.08
17803,27,1,184.66
17804,11,3,385.23
17805,245,1,414.72
17807,30,3,437.87
17808,183,4,262.64
17809,6,11,5925.4800000000005
17810,303,2,374.81
17811,9,8,1772.07
17812,3,4,433.73
17814,10,2,1617.32
17815,28,1,591.96
17816,0,3,75.76
17817,13,3,420.17
17818,372,1,130.18
17819,6,6,2907.65
17820,9,1,183.56
17821,41,1,334.62
17822,55,5,2188.5
17823,56,2,494.25
17825,233,4,731.96
17826,9,1,134.59
17827,256,1,392.59
17829,44,4,3867.5
17833,358,1,342.36
17834,49,2,730.47
17838,0,10,3943.6000000000004
17840,78,1,185.72
17841,0,91,29892.5
17842,237,1,430.69
17843,46,1,120.75
17845,190,4,598.19
17847,150,2,129.69
17848,52,21,2749.7
17849,115,4,457.96000000000004
17850,7,155,51208.87
17851,57,6,1563.34
17852,23,3,548.87
17853,42,3,1608.19
17854,97,4,760.19
17855,7,1,208.97
17857,0,2,1803.2
17858,4,19,7641.99
17860,3,4,762.74
17861,20,10,3026.89
17862,20,3,948.1899999999999
17863,4,7,2585.2
17864,20,2,326.82
17865,10,26,15848.07
17866,119,2,805.3000000000001
17867,45,9,424.18
17868,21,1,234.65
17869,3,3,607.98
17870,1,2,1213.8
17871,32,4,963.09
17872,16,1,235.87
17873,8,14,4656.72
17875,323,1,167.1
17876,34,3,3424.02
17878,30,2,1032.88
17880,274,2,366.0
17882,14,2,313.46
17883,174,3,324.08
17884,3,18,2355.44
17886,72,3,708.77
17888,9,17,1094.39
17889,9,5,571.0
17894,1,11,1333.57
17897,2,8,2018.4
17898,87,2,147.12
17901,156,2,149.7
17902,181,1,216.39999999999998
17903,29,1,381.09000000000003
17905,8,10,1583.28
17907,275,1,291.76
17908,8,5,1168.26
17909,372,1,132.55
17910,361,1,261.7
17912,10,1,64.49
17913,35,12,3068.04
17915,186,1,242.13
17916,263,2,43.87
17918,135,3,396.39
17919,73,1,536.28
17920,3,39,20312.36
17921,14,6,1596.98
17922,178,1,170.4
17923,162,2,289.5
17924,8,2,574.2
17925,7,1,244.08
17926,79,3,638.2
17927,356,1,294.0
17928,206,1,128.7
17929,22,8,2239.1
17930,28,8,2534.74
17931,32,12,3028.93
17933,267,1,114.69
17934,41,1,344.90000000000003
17935,35,5,540.35
17938,55,1,144.29
17940,80,6,26286.75
17941,225,3,1128.72
17944,58,1,75.41
17945,331,3,360.35
17949,6,74,60117.6
17950,0,6,950.61
17951,8,2,627.5400000000001
17952,13,4,819.61
17953,175,1,160.82
17954,2,9,1633.33
17955,290,2,392.6
17958,363,1,465.42
17959,227,1,140.75
17960,157,2,61.300000000000004
17961,7,62,1699.1
17962,184,3,584.59
17963,106,4,651.51
17964,7,1,261.76
17965,0,17,4618.41
17966,226,5,875.99
17967,6,2,234.22
17968,8,4,610.6899999999999
17969,137,18,2141.7400000000002
17971,183,1,161.94
17974,16,3,1117.27
17975,1,12,2540.02
17976,7,1,353.19
17977,35,1,1277.49
17978,0,4,1160.84
17980,28,1,221.97
17981,45,1,239.12
17982,315,1,138.18
17983,30,1,171.71
17984,27,4,1038.59
17987,11,4,805.07
17988,122,7,288.42
17989,14,1,228.82999999999998
17990,15,3,896.77
17991,226,1,227.2
17992,24,1,254.13
17993,252,1,235.19
17994,23,7,1634.83
17995,17,2,419.38
17996,14,3,482.33
17998,15,3,639.24
17999,1,2,348.84
18000,199,1,124.25
18001,84,4,536.61
18002,10,4,249.92
18003,11,1,358.61
18006,16,3,553.1800000000001
18007,27,1,220.32
18008,50,14,17670.94
18009,177,7,1898.49
18011,8,2,424.24
18012,358,1,115.3
18016,45,2,476.90000000000003
18017,66,1,165.0
18018,34,2,175.85
18020,178,1,190.48000000000002
18021,144,2,227.06
18022,20,4,983.68
18025,14,6,1177.72
18026,135,2,2074.07
18028,218,1,192.05
18029,277,1,433.77
18031,13,1,462.09999999999997
18034,10,1,370.82
18035,20,2,546.34
18036,20,8,1158.02
18037,56,9,97.39999999999999
18038,191,1,149.41
18039,9,4,579.17
18041,0,20,4568.99
18042,176,1,116.1
18043,1,1,316.46
18044,22,8,1417.01
18046,284,1,189.63
18047,16,2,342.69
18048,128,1,229.44
18049,72,2,556.52
18050,28,1,337.66
18051,269,7,2282.28
18052,199,1,10877.18
18053,160,2,271.05
18054,27,1,176.5
18055,2,6,4411.38
18056,253,1,190.95
18057,28,3,1203.56
18058,176,2,603.9
18060,43,2,1185.46
18061,1,19,4369.56
18062,21,3,912.15
18063,25,2,186.60000000000002
18064,81,9,3681.03
18065,23,15,3473.8
18066,21,2,1122.4
18069,18,6,2503.89
18070,304,1,314.1
18071,0,5,975.63
18074,8,2,1019.44
18075,9,10,3171.54
18076,15,1,151.49
18077,1,8,1705.55
18078,60,2,508.47
18079,126,1,590.78
18083,32,1,470.72999999999996
18084,18,2,722.4499999999999
18085,8,3,955.8000000000001
18087,14,15,10705.8
18089,81,1,428.45
18090,56,1,349.4
18091,228,1,360.85
18092,0,8,7111.18
18093,79,4,2346.19
18094,81,6,3374.2200000000003
18095,62,3,1723.04
18096,77,3,894.13
18097,20,5,1965.52
18098,31,1,550.84
18100,185,1,451.56
18101,9,3,405.51
18102,0,89,349164.35
18103,184,1,105.8
18106,111,5,1030.76
18107,77,1,167.13
18108,231,2,577.8100000000001
18109,4,13,1840.99
18110,46,1,199.13
18111,224,1,405.85
18112,53,2,423.27
18113,3,1,76.32000000000001
18115,332,1,9.700000000000001
18116,11,5,736.27
18118,4,4,1079.4
18119,2,1,181.12
18123,148,1,95.15
18124,107,1,111.53
18127,38,1,212.8
18128,172,1,420.04
18131,266,1,222.95999999999998
18132,139,1,226.9
18134,233,2,445.0
18135,27,5,567.71
18136,44,2,847.03
18137,186,2,145.99
18140,108,1,536.41
18141,36,2,882.47
18144,8,8,2169.25
18145,17,7,2756.2400000000002
18148,281,1,114.10000000000001
18149,39,4,1012.63
18151,55,4,1226.09
18152,281,1,426.69
18153,294,1,246.22
18154,23,3,533.41
18156,4,1,206.23000000000002
18157,206,1,215.35
18160,21,1,365.82
18161,14,1,184.41
18162,367,1,379.16
18163,219,1,728.84
18166,258,1,175.5
18168,7,11,2600.33
18170,9,6,1897.69
18171,105,4,1206.0
18172,22,32,9918.16
18173,247,1,589.52
18174,238,1,58.5
18175,310,1,176.1
18177,195,3,875.45
18178,37,7,4512.93
18179,157,2,754.38
18181,35,4,823.14
18182,98,1,291.13
18186,357,1,329.58
18187,266,1,724.89
18188,65,3,1279.55
18189,260,1,313.49
18190,238,3,461.16
18191,112,1,321.59999999999997
18193,15,2,963.59
18194,73,5,3188.2000000000003
18195,22,1,101.16
18196,106,2,775.18
18197,210,1,230.1
18199,318,1,344.75
18201,357,1,447.53000000000003
18203,16,3,344.0
18206,188,1,314.65999999999997
18207,134,1,544.47
18208,200,1,360.08
18210,17,1,147.45
18212,312,1,298.3
18214,165,4,1780.34
18215,72,4,1948.15
18217,148,2,323.29
18218,231,2,479.91999999999996
18219,3,8,1493.1200000000001
18220,29,5,1616.48
18221,25,1,383.33
18223,22,12,7516.31
18225,0,15,7545.139999999999
18226,13,15,6650.83
18227,119,1,295.0
18229,1,10,3526.81
18230,13,2,1480.8600000000001
18231,41,23,4797.7
18234,186,1,179.6
18236,23,6,913.11
18238,150,1,270.92
18239,7,2,588.75
18241,50,4,913.9
18242,80,4,1372.72
18243,49,1,515.78
18244,65,2,568.64
18245,14,13,3757.92
18246,244,1,162.72
18247,49,3,839.73
18251,80,8,21964.14
18252,183,5,1015.42
18253,277,1,317.88
18254,216,1,267.9
18255,91,1,199.85
18256,22,1,110.7
18257,81,4,2262.52
18258,99,6,2059.67
18259,1,5,1979.6000000000001
18260,9,17,7318.91
18262,28,2,428.06
18264,133,1,603.25
18266,69,1,251.1
18267,307,1,269.37
18268,226,5,1464.73
18269,1,1,168.6
18270,67,1,161.4
18271,244,2,680.85
18272,183,3,1307.4
18273,225,1,153.0
18275,213,2,741.85
18276,27,5,1320.66
18277,32,4,1069.67
18278,39,1,240.3
18279,154,1,231.33999999999997
18280,29,1,307.55
18281,212,1,120.32
18283,17,6,641.77
18284,66,1,461.68
18285,295,1,427.0
18286,111,2,1296.43
18287,17,4,2345.71
